label,protein_name,uniprot_id,pdb_id,ligand_code,ligand_name,smiles,formula,mw
A,NRF2,Q16236,2FLU,,,,,
A,NRF2,Q16236,2LZ1,,,,,
A,NRF2,Q16236,3ZGC,,,,,
A,NRF2,Q16236,4IFL,,,,,
A,NRF2,Q16236,5WFV,,,,,
A,NRF2,Q16236,6T7V,,,,,
A,NRF2,Q16236,7K28,,,,,
A,NRF2,Q16236,7K29,SO4,SULFATE ION,[O-]S(=O)(=O)[O-],O4S-2,95.95282663982
A,NRF2,Q16236,7K2A,,,,,
A,NRF2,Q16236,7K2B,,,,,
A,NRF2,Q16236,7K2C,SO4,SULFATE ION,[O-]S(=O)(=O)[O-],O4S-2,95.95282663982
A,NRF2,Q16236,7K2D,,,,,
A,NRF2,Q16236,7K2E,,,,,
A,NRF2,Q16236,7K2K,,,,,
A,NRF2,Q16236,7O7B,,,,,
A,NRF2,Q16236,7X5E,P6G,HEXAETHYLENE GLYCOL,C(COCCOCCOCCOCCOCCO)O,C12H26O7,282.16785317200004
A,NRF2,Q16236,7X5F,,,,,
A,NRF2,Q16236,7X5G,,,,,
A,NRF2,Q16236,8EJR,,,,,
A,NRF2,Q16236,8EJS,,,,,
A,SOX2,P48431,1O4X,,,,,
A,SOX2,P48431,2LE4,,,,,
A,SOX2,P48431,6T7B,,,,,
A,SOX2,P48431,6T90,PTD,PENTANEDIAL,C(CC=O)CC=O,C5H8O2,100.052429496
A,SOX2,P48431,6WX7,,,,,
A,SOX2,P48431,6WX8,SO4,SULFATE ION,[O-]S(=O)(=O)[O-],O4S-2,95.95282663982
A,SOX2,P48431,6WX9,,,,,
A,SOX2,P48431,6YOV,,,,,
A,DNp63,Q9H3D4,1RG6,,,,,
A,DNp63,Q9H3D4,2NB1,,,,,
A,DNp63,Q9H3D4,2RMN,ZN,ZINC ION,[Zn+2],Zn+2,63.92804504018
A,DNp63,Q9H3D4,2Y9T,,,,,
A,DNp63,Q9H3D4,2Y9U,SO4,SULFATE ION,[O-]S(=O)(=O)[O-],O4S-2,95.95282663982
A,DNp63,Q9H3D4,3QYM,ZN,ZINC ION,[Zn+2],Zn+2,63.92804504018
A,DNp63,Q9H3D4,3QYN,ZN,ZINC ION,[Zn+2],Zn+2,63.92804504018
A,DNp63,Q9H3D4,3US0,ZN,ZINC ION,[Zn+2],Zn+2,63.92804504018
A,DNp63,Q9H3D4,3US1,ZN,ZINC ION,[Zn+2],Zn+2,63.92804504018
A,DNp63,Q9H3D4,3US2,ZN,ZINC ION,[Zn+2],Zn+2,63.92804504018
A,DNp63,Q9H3D4,3ZY0,,,,,
A,DNp63,Q9H3D4,3ZY1,,,,,
A,DNp63,Q9H3D4,4A9Z,PE4,2-{2-[2-(2-{2-[2-(2-ETHOXY-ETHOXY)-ETHOXY]-ETHOXY}-ETHOXY)-ETHOXY]-ETHOXY}-ETHANOL,CCOCCOCCOCCOCCOCCOCCOCCO,C16H34O8,354.22536804799995
A,DNp63,Q9H3D4,6FGN,ZN,ZINC ION,[Zn+2],Zn+2,63.92804504018
A,DNp63,Q9H3D4,6RU6,ACP,PHOSPHOMETHYLPHOSPHONIC ACID ADENYLATE ESTER,c1nc(c2c(n1)n(cn2)[C@H]3[C@@H]([C@@H]([C@H](O3)CO[P@@](=O)(O)O[P@](=O)(CP(=O)(O)O)O)O)O)N,C11H18N5O12P3,505.01648090599986
A,DNp63,Q9H3D4,6RU7,,,,,
A,DNp63,Q9H3D4,6RU8,,,,,
A,DNp63,Q9H3D4,7Z71,ZN,ZINC ION,[Zn+2],Zn+2,63.92804504018
A,DNp63,Q9H3D4,7Z72,,,,,
A,DNp63,Q9H3D4,7Z73,,,,,
A,DNp63,Q9H3D4,7Z7E,ZN,ZINC ION,[Zn+2],Zn+2,63.92804504018
A,DNp63,Q9H3D4,8P9C,EDO,"1,2-ETHANEDIOL",C(CO)O,C2H6O2,62.036779432
A,DNp63,Q9H3D4,8P9D,,,,,
A,DNp63,Q9H3D4,8P9E,,,,,
A,DNp63,Q9H3D4,9GFO,,,,,
A,SMAD4,Q13485,1DD1,SO4,SULFATE ION,[O-]S(=O)(=O)[O-],O4S-2,95.95282663982
A,SMAD4,Q13485,1G88,,,,,
A,SMAD4,Q13485,1MR1,,,,,
A,SMAD4,Q13485,1U7F,,,,,
A,SMAD4,Q13485,1U7V,,,,,
A,SMAD4,Q13485,1YGS,,,,,
A,SMAD4,Q13485,5C4V,GOL,GLYCEROL,C(C(CO)O)O,C3H8O3,92.047344116
A,SMAD4,Q13485,5MEY,ZN,ZINC ION,[Zn+2],Zn+2,63.92804504018
A,SMAD4,Q13485,5MEY,CL,CHLORIDE ION,[Cl-],Cl-,34.96940125991
A,SMAD4,Q13485,5MEY,PEG,DI(HYDROXYETHYL)ETHER,C(COCCO)O,C4H10O3,106.06299418
A,SMAD4,Q13485,5MEZ,ZN,ZINC ION,[Zn+2],Zn+2,63.92804504018
A,SMAD4,Q13485,5MEZ,CL,CHLORIDE ION,[Cl-],Cl-,34.96940125991
A,SMAD4,Q13485,5MF0,ZN,ZINC ION,[Zn+2],Zn+2,63.92804504018
A,SMAD4,Q13485,5MF0,CL,CHLORIDE ION,[Cl-],Cl-,34.96940125991
A,SMAD4,Q13485,5UWU,,,,,
A,SMAD4,Q13485,6YIC,,,,,
A,CTNNB1,P35222,1G3J,,,,,
A,CTNNB1,P35222,1JDH,,,,,
A,CTNNB1,P35222,1JPW,,,,,
A,CTNNB1,P35222,1LUJ,,,,,
A,CTNNB1,P35222,1P22,,,,,
A,CTNNB1,P35222,1QZ7,,,,,
A,CTNNB1,P35222,1T08,,,,,
A,CTNNB1,P35222,1TH1,,,,,
A,CTNNB1,P35222,2G57,,,,,
A,CTNNB1,P35222,2GL7,,,,,
A,CTNNB1,P35222,2Z6H,,,,,
A,CTNNB1,P35222,3DIW,,,,,
A,CTNNB1,P35222,3FQN,CD,CADMIUM ION,[Cd+2],Cd+2,113.90226134017999
A,CTNNB1,P35222,3FQR,CD,CADMIUM ION,[Cd+2],Cd+2,113.90226134017999
A,CTNNB1,P35222,3SL9,EDO,"1,2-ETHANEDIOL",C(CO)O,C2H6O2,62.036779432
A,CTNNB1,P35222,3SL9,PEG,DI(HYDROXYETHYL)ETHER,C(COCCO)O,C4H10O3,106.06299418
A,CTNNB1,P35222,3SL9,IMD,IMIDAZOLE,c1c[nH+]c[nH]1,C3H5N2+,69.04472458008999
A,CTNNB1,P35222,3SL9,GOL,GLYCEROL,C(C(CO)O)O,C3H8O3,92.047344116
A,CTNNB1,P35222,3SLA,GOL,GLYCEROL,C(C(CO)O)O,C3H8O3,92.047344116
A,CTNNB1,P35222,3SLA,NA,SODIUM ION,[Na+],Na+,22.98922070009
A,CTNNB1,P35222,3TX7,,,,,
A,CTNNB1,P35222,4DJS,,,,,
A,CTNNB1,P35222,6M90,J91,"2-(2-fluorophenoxy)-3-{[2-oxo-6-(trifluoromethyl)-1,2-dihydropyridine-3-carbonyl]amino}benzoic acid",c1ccc(c(c1)Oc2c(cccc2NC(=O)C3=CC=C(NC3=O)C(F)(F)F)C(=O)O)F,C20H12F4N2O5,436.0682343639999
A,CTNNB1,P35222,6M91,J97,"3-({4-[(2,6-dichlorophenyl)sulfanyl]-2-oxo-6-(trifluoromethyl)-1,2-dihydropyridine-3-carbonyl}amino)benzoic acid",c1cc(cc(c1)NC(=O)C2=C(C=C(NC2=O)C(F)(F)F)Sc3c(cccc3Cl)Cl)C(=O)O,C20H11Cl2F3N2O4S,501.976867852
A,CTNNB1,P35222,6M91,CL,CHLORIDE ION,[Cl-],Cl-,34.96940125991
A,CTNNB1,P35222,6M92,J8V,"3-{[2-oxo-4-phenoxy-6-(trifluoromethyl)-1,2-dihydropyridine-3-carbonyl]amino}benzoic acid",c1ccc(cc1)OC2=C(C(=O)NC(=C2)C(F)(F)F)C(=O)Nc3cccc(c3)C(=O)O,C20H13F3N2O5,418.077656176
A,CTNNB1,P35222,6M93,J8Y,"2-oxo-N-[3-(1H-tetrazol-5-yl)phenyl]-6-(trifluoromethyl)-1,2-dihydropyridine-3-carboxamide",c1cc(cc(c1)NC(=O)C2=CC=C(NC2=O)C(F)(F)F)c3[nH]nnn3,C14H9F3N6O2,350.07390818800013
A,CTNNB1,P35222,6M94,DMS,DIMETHYL SULFOXIDE,CS(=O)C,C2H6OS,78.013935812
A,CTNNB1,P35222,6O9B,,,,,
A,CTNNB1,P35222,6O9C,,,,,
A,CTNNB1,P35222,6WLX,,,,,
A,CTNNB1,P35222,6WNX,,,,,
A,CTNNB1,P35222,7AFW,R9Q,"3-[(2~{R})-4-methyl-5-oxidanylidene-2,3-dihydro-1,4-benzoxazepin-2-yl]benzenecarbonitrile",CN1C[C@H](Oc2ccccc2C1=O)c3cccc(c3)C#N,C17H14N2O2,278.105527688
A,CTNNB1,P35222,7AR4,EPE,4-(2-HYDROXYETHYL)-1-PIPERAZINE ETHANESULFONIC ACID,C1CN(CCN1CCO)CCS(=O)(=O)O,C8H18N2O4S,238.098728056
A,CTNNB1,P35222,7AR4,CL,CHLORIDE ION,[Cl-],Cl-,34.96940125991
A,CTNNB1,P35222,7UWI,PO4,PHOSPHATE ION,[O-]P(=O)([O-])[O-],O4P-3,94.95506584973
A,CTNNB1,P35222,7UWI,GOL,GLYCEROL,C(C(CO)O)O,C3H8O3,92.047344116
A,CTNNB1,P35222,7UWO,WHL,"N,N'-(1,4-phenylene)diacetamide",CC(=O)Nc1ccc(cc1)NC(=O)C,C10H12N2O2,192.089877624
A,CTNNB1,P35222,7ZRB,JKI,4-bromanyl-~{N}-(3-pyridin-2-ylphenyl)benzenesulfonamide,c1ccnc(c1)c2cccc(c2)NS(=O)(=O)c3ccc(cc3)Br,C17H13BrN2O2S,387.9881107560001
A,CTNNB1,P35222,8EI9,WHL,"N,N'-(1,4-phenylene)diacetamide",CC(=O)Nc1ccc(cc1)NC(=O)C,C10H12N2O2,192.089877624
A,CTNNB1,P35222,8EIA,WHL,"N,N'-(1,4-phenylene)diacetamide",CC(=O)Nc1ccc(cc1)NC(=O)C,C10H12N2O2,192.089877624
A,CTNNB1,P35222,8EIB,WHL,"N,N'-(1,4-phenylene)diacetamide",CC(=O)Nc1ccc(cc1)NC(=O)C,C10H12N2O2,192.089877624
A,CTNNB1,P35222,8EIC,WHL,"N,N'-(1,4-phenylene)diacetamide",CC(=O)Nc1ccc(cc1)NC(=O)C,C10H12N2O2,192.089877624
A,CTNNB1,P35222,8RU3,CL,CHLORIDE ION,[Cl-],Cl-,34.96940125991
A,CTNNB1,P35222,8RU4,GLC,alpha-D-glucopyranose,C([C@@H]1[C@H]([C@@H]([C@H]([C@H](O1)O)O)O)O)O,C6H12O6,180.063388104
A,CTNNB1,P35222,8RU4,TRS,"2-AMINO-2-HYDROXYMETHYL-PROPANE-1,3-DIOL",C(C(CO)(CO)[NH3+])O,C4H12NO3+,122.08116966409
A,CTNNB1,P35222,8RU4,CL,CHLORIDE ION,[Cl-],Cl-,34.96940125991
A,CTNNB1,P35222,8RU4,NA,SODIUM ION,[Na+],Na+,22.98922070009
A,CTNNB1,P35222,8VME,,,,,
A,CTNNB1,P35222,8VMF,,,,,
A,CTNNB1,P35222,8Y0G,,,,,
A,CTNNB1,P35222,8Y0P,PRO,PROLINE,C1C[C@H](NC1)C(=O)O,C5H9NO2,115.063328528
A,CTNNB1,P35222,8Y14,,,,,
A,CTNNB1,P35222,8Z0U,,,,,
A,CTNNB1,P35222,8Z10,PRO,PROLINE,C1C[C@H](NC1)C(=O)O,C5H9NO2,115.063328528
A,CTNNB1,P35222,8Z5J,,,,,
A,CTNNB1,P35222,8Z61,,,,,
A,TCF7L2,Q9NQB0,1JDH,,,,,
A,TCF7L2,Q9NQB0,1JPW,,,,,
A,TCF7L2,Q9NQB0,2GL7,,,,,
A,KLF5,Q13887,2EBT,ZN,ZINC ION,[Zn+2],Zn+2,63.92804504018
A,FOXA1,P55317,7VOX,MG,MAGNESIUM ION,[Mg+2],Mg+2,23.98394454018
A,FOXA1,P55317,8VFY,,,,,
A,FOXA1,P55317,8VFZ,,,,,
A,FOXA1,P55317,8VG1,,,,,
A,FOXA1,P55317,8VG2,,,,,
A,GATA3,P23771,4HC7,ZN,ZINC ION,[Zn+2],Zn+2,63.92804504018
A,GATA3,P23771,4HC9,ZN,ZINC ION,[Zn+2],Zn+2,63.92804504018
A,GATA3,P23771,4HCA,ZN,ZINC ION,[Zn+2],Zn+2,63.92804504018
A,ARv7,P10275,1E3G,R18,"(17BETA)-17-HYDROXY-17-METHYLESTRA-4,9,11-TRIEN-3-ONE",C[C@@]1(CC[C@@H]2[C@@]1(C=CC3=C4CCC(=O)C=C4CC[C@@H]23)C)O,C19H24O2,284.177630008
A,ARv7,P10275,1GS4,ZK5,9ALPHA-FLUOROCORTISOL,C[C@]12CCC(=O)C=C1CC[C@@H]3[C@@]2([C@H](C[C@]4([C@H]3CC[C@@]4(C(=O)CO)O)C)O)F,C21H29FO5,380.19990224799994
A,ARv7,P10275,1GS4,PO4,PHOSPHATE ION,[O-]P(=O)([O-])[O-],O4P-3,94.95506584973
A,ARv7,P10275,1T5Z,DHT,5-ALPHA-DIHYDROTESTOSTERONE,C[C@]12CCC(=O)C[C@@H]1CC[C@@H]3[C@@H]2CC[C@]4([C@H]3CC[C@@H]4O)C,C19H30O2,290.2245802
A,ARv7,P10275,1T63,DHT,5-ALPHA-DIHYDROTESTOSTERONE,C[C@]12CCC(=O)C[C@@H]1CC[C@@H]3[C@@H]2CC[C@]4([C@H]3CC[C@@H]4O)C,C19H30O2,290.2245802
A,ARv7,P10275,1T65,DHT,5-ALPHA-DIHYDROTESTOSTERONE,C[C@]12CCC(=O)C[C@@H]1CC[C@@H]3[C@@H]2CC[C@]4([C@H]3CC[C@@H]4O)C,C19H30O2,290.2245802
A,ARv7,P10275,1XJ7,DHT,5-ALPHA-DIHYDROTESTOSTERONE,C[C@]12CCC(=O)C[C@@H]1CC[C@@H]3[C@@H]2CC[C@]4([C@H]3CC[C@@H]4O)C,C19H30O2,290.2245802
A,ARv7,P10275,1XOW,R18,"(17BETA)-17-HYDROXY-17-METHYLESTRA-4,9,11-TRIEN-3-ONE",C[C@@]1(CC[C@@H]2[C@@]1(C=CC3=C4CCC(=O)C=C4CC[C@@H]23)C)O,C19H24O2,284.177630008
A,ARv7,P10275,1XQ3,R18,"(17BETA)-17-HYDROXY-17-METHYLESTRA-4,9,11-TRIEN-3-ONE",C[C@@]1(CC[C@@H]2[C@@]1(C=CC3=C4CCC(=O)C=C4CC[C@@H]23)C)O,C19H24O2,284.177630008
A,ARv7,P10275,1Z95,SO4,SULFATE ION,[O-]S(=O)(=O)[O-],O4S-2,95.95282663982
A,ARv7,P10275,1Z95,198,R-BICALUTAMIDE,C[C@](CS(=O)(=O)c1ccc(cc1)F)(C(=O)Nc2ccc(c(c2)C(F)(F)F)C#N)O,C18H14F4N2O4S,430.061040808
A,ARv7,P10275,2AM9,SO4,SULFATE ION,[O-]S(=O)(=O)[O-],O4S-2,95.95282663982
A,ARv7,P10275,2AM9,TES,TESTOSTERONE,C[C@]12CC[C@H]3[C@H]([C@@H]1CC[C@@H]2O)CCC4=CC(=O)CC[C@]34C,C19H28O2,288.208930136
A,ARv7,P10275,2AM9,DTT,"2,3-DIHYDROXY-1,4-DITHIOBUTANE",C([C@@H]([C@H](CS)O)O)S,C4H10O2S2,154.01222156
A,ARv7,P10275,2AM9,GOL,GLYCEROL,C(C(CO)O)O,C3H8O3,92.047344116
A,ARv7,P10275,2AMA,SO4,SULFATE ION,[O-]S(=O)(=O)[O-],O4S-2,95.95282663982
A,ARv7,P10275,2AMA,DHT,5-ALPHA-DIHYDROTESTOSTERONE,C[C@]12CCC(=O)C[C@@H]1CC[C@@H]3[C@@H]2CC[C@]4([C@H]3CC[C@@H]4O)C,C19H30O2,290.2245802
A,ARv7,P10275,2AMB,SO4,SULFATE ION,[O-]S(=O)(=O)[O-],O4S-2,95.95282663982
A,ARv7,P10275,2AMB,17H,"17-HYDROXY-18A-HOMO-19-NOR-17ALPHA-PREGNA-4,9,11-TRIEN-3-ONE",CC[C@@]1(CC[C@@H]2[C@@]1(C=CC3=C4CCC(=O)C=C4CC[C@@H]23)CC)O,C21H28O2,312.208930136
A,ARv7,P10275,2AMB,DTT,"2,3-DIHYDROXY-1,4-DITHIOBUTANE",C([C@@H]([C@H](CS)O)O)S,C4H10O2S2,154.01222156
A,ARv7,P10275,2AMB,EPE,4-(2-HYDROXYETHYL)-1-PIPERAZINE ETHANESULFONIC ACID,C1CN(CCN1CCO)CCS(=O)(=O)O,C8H18N2O4S,238.098728056
A,ARv7,P10275,2AMB,GOL,GLYCEROL,C(C(CO)O)O,C3H8O3,92.047344116
A,ARv7,P10275,2AO6,R18,"(17BETA)-17-HYDROXY-17-METHYLESTRA-4,9,11-TRIEN-3-ONE",C[C@@]1(CC[C@@H]2[C@@]1(C=CC3=C4CCC(=O)C=C4CC[C@@H]23)C)O,C19H24O2,284.177630008
A,ARv7,P10275,2AX6,HFT,HYDROXYFLUTAMIDE,CC(C)(C(=O)Nc1ccc(c(c1)C(F)(F)F)[N+](=O)[O-])O,C11H11F3N2O4,292.067091492
A,ARv7,P10275,2AX7,FHM,S-3-(4-FLUOROPHENOXY)-2-HYDROXY-2-METHYL-N-[4-NITRO-3-(TRIFLUOROMETHYL)PHENYL]PROPANAMIDE,C[C@](COc1ccc(cc1)F)(C(=O)Nc2ccc(c(c2)C(F)(F)F)[N+](=O)[O-])O,C17H14F4N2O5,402.083884428
A,ARv7,P10275,2AX8,FHM,S-3-(4-FLUOROPHENOXY)-2-HYDROXY-2-METHYL-N-[4-NITRO-3-(TRIFLUOROMETHYL)PHENYL]PROPANAMIDE,C[C@](COc1ccc(cc1)F)(C(=O)Nc2ccc(c(c2)C(F)(F)F)[N+](=O)[O-])O,C17H14F4N2O5,402.083884428
A,ARv7,P10275,2AX9,BHM,(R)-3-BROMO-2-HYDROXY-2-METHYL-N-[4-NITRO-3-(TRIFLUOROMETHYL)PHENYL]PROPANAMIDE,C[C@](CBr)(C(=O)Nc1ccc(c(c1)C(F)(F)F)[N+](=O)[O-])O,C11H10BrF3N2O4,369.97760356
A,ARv7,P10275,2AXA,FHM,S-3-(4-FLUOROPHENOXY)-2-HYDROXY-2-METHYL-N-[4-NITRO-3-(TRIFLUOROMETHYL)PHENYL]PROPANAMIDE,C[C@](COc1ccc(cc1)F)(C(=O)Nc2ccc(c(c2)C(F)(F)F)[N+](=O)[O-])O,C17H14F4N2O5,402.083884428
A,ARv7,P10275,2HVC,LGD,"6-[BIS(2,2,2-TRIFLUOROETHYL)AMINO]-4-(TRIFLUOROMETHYL)QUINOLIN-2(1H)-ONE",c1cc2c(cc1N(CC(F)(F)F)CC(F)(F)F)C(=CC(=O)N2)C(F)(F)F,C14H9F9N2O,392.057116888
A,ARv7,P10275,2OZ7,CA4,CYPROTERONE ACETATE,CC(=O)[C@]1(CC[C@@H]2[C@@]1(CC[C@H]3[C@H]2C=C(C4=CC(=O)[C@@H]5C[C@@H]5[C@]34C)Cl)C)OC(=O)C,C24H29ClO4,416.17543708799997
A,ARv7,P10275,2PIO,SO4,SULFATE ION,[O-]S(=O)(=O)[O-],O4S-2,95.95282663982
A,ARv7,P10275,2PIO,DHT,5-ALPHA-DIHYDROTESTOSTERONE,C[C@]12CCC(=O)C[C@@H]1CC[C@@H]3[C@@H]2CC[C@]4([C@H]3CC[C@@H]4O)C,C19H30O2,290.2245802
A,ARv7,P10275,2PIO,2MI,2-METHYL-1H-INDOLE,Cc1cc2ccccc2[nH]1,C9H9N,131.073499288
A,ARv7,P10275,2PIP,SO4,SULFATE ION,[O-]S(=O)(=O)[O-],O4S-2,95.95282663982
A,ARv7,P10275,2PIP,DHT,5-ALPHA-DIHYDROTESTOSTERONE,C[C@]12CCC(=O)C[C@@H]1CC[C@@H]3[C@@H]2CC[C@]4([C@H]3CC[C@@H]4O)C,C19H30O2,290.2245802
A,ARv7,P10275,2PIP,ICO,1H-INDOLE-3-CARBOXYLIC ACID,c1ccc2c(c1)c(c[nH]2)C(=O)O,C9H7NO2,161.047678464
A,ARv7,P10275,2PIP,K10,"1-TERT-BUTYL-3-(2,5-DIMETHYLBENZYL)-1H-PYRAZOLO[3,4-D]PYRIMIDIN-4-AMINE",Cc1ccc(c(c1)Cc2c3c(ncnc3n(n2)C(C)(C)C)N)C,C18H23N5,309.19534573600004
A,ARv7,P10275,2PIQ,SO4,SULFATE ION,[O-]S(=O)(=O)[O-],O4S-2,95.95282663982
A,ARv7,P10275,2PIQ,DHT,5-ALPHA-DIHYDROTESTOSTERONE,C[C@]12CCC(=O)C[C@@H]1CC[C@@H]3[C@@H]2CC[C@]4([C@H]3CC[C@@H]4O)C,C19H30O2,290.2245802
A,ARv7,P10275,2PIQ,RB1,"3-[(4-AMINO-1-TERT-BUTYL-1H-PYRAZOLO[3,4-D]PYRIMIDIN-3-YL)METHYL]PHENOL",CC(C)(C)n1c2c(c(n1)Cc3cccc(c3)O)c(ncn2)N,C16H19N5O,297.15896022800007
A,ARv7,P10275,2PIR,SO4,SULFATE ION,[O-]S(=O)(=O)[O-],O4S-2,95.95282663982
A,ARv7,P10275,2PIR,DHT,5-ALPHA-DIHYDROTESTOSTERONE,C[C@]12CCC(=O)C[C@@H]1CC[C@@H]3[C@@H]2CC[C@]4([C@H]3CC[C@@H]4O)C,C19H30O2,290.2245802
A,ARv7,P10275,2PIR,NK,SALICYLALDEHYDE,c1ccc(c(c1)C=O)O,C7H6O2,122.036779432
A,ARv7,P10275,2PIT,SO4,SULFATE ION,[O-]S(=O)(=O)[O-],O4S-2,95.95282663982
A,ARv7,P10275,2PIT,DHT,5-ALPHA-DIHYDROTESTOSTERONE,C[C@]12CCC(=O)C[C@@H]1CC[C@@H]3[C@@H]2CC[C@]4([C@H]3CC[C@@H]4O)C,C19H30O2,290.2245802
A,ARv7,P10275,2PIT,4HY,"[4-(4-HYDROXY-3-IODO-PHENOXY)-3,5-DIIODO-PHENYL]-ACETIC ACID",c1cc(c(cc1Oc2c(cc(cc2I)CC(=O)O)I)I)O,C14H9I3O4,621.763502768
A,ARv7,P10275,2PIU,DHT,5-ALPHA-DIHYDROTESTOSTERONE,C[C@]12CCC(=O)C[C@@H]1CC[C@@H]3[C@@H]2CC[C@]4([C@H]3CC[C@@H]4O)C,C19H30O2,290.2245802
A,ARv7,P10275,2PIU,4HY,"[4-(4-HYDROXY-3-IODO-PHENOXY)-3,5-DIIODO-PHENYL]-ACETIC ACID",c1cc(c(cc1Oc2c(cc(cc2I)CC(=O)O)I)I)O,C14H9I3O4,621.763502768
A,ARv7,P10275,2PIV,SO4,SULFATE ION,[O-]S(=O)(=O)[O-],O4S-2,95.95282663982
A,ARv7,P10275,2PIV,DHT,5-ALPHA-DIHYDROTESTOSTERONE,C[C@]12CCC(=O)C[C@@H]1CC[C@@H]3[C@@H]2CC[C@]4([C@H]3CC[C@@H]4O)C,C19H30O2,290.2245802
A,ARv7,P10275,2PIV,T3,"3,5,3'TRIIODOTHYRONINE",c1cc(c(cc1Oc2c(cc(cc2I)C[C@@H](C(=O)O)N)I)I)O,C15H12I3NO4,650.7900518639999
A,ARv7,P10275,2PIW,DHT,5-ALPHA-DIHYDROTESTOSTERONE,C[C@]12CCC(=O)C[C@@H]1CC[C@@H]3[C@@H]2CC[C@]4([C@H]3CC[C@@H]4O)C,C19H30O2,290.2245802
A,ARv7,P10275,2PIW,T3,"3,5,3'TRIIODOTHYRONINE",c1cc(c(cc1Oc2c(cc(cc2I)C[C@@H](C(=O)O)N)I)I)O,C15H12I3NO4,650.7900518639999
A,ARv7,P10275,2PIX,DHT,5-ALPHA-DIHYDROTESTOSTERONE,C[C@]12CCC(=O)C[C@@H]1CC[C@@H]3[C@@H]2CC[C@]4([C@H]3CC[C@@H]4O)C,C19H30O2,290.2245802
A,ARv7,P10275,2PIX,FLF,2-[[3-(TRIFLUOROMETHYL)PHENYL]AMINO] BENZOIC ACID,c1ccc(c(c1)C(=O)O)Nc2cccc(c2)C(F)(F)F,C14H10F3NO2,281.06636322
A,ARv7,P10275,2PKL,DHT,5-ALPHA-DIHYDROTESTOSTERONE,C[C@]12CCC(=O)C[C@@H]1CC[C@@H]3[C@@H]2CC[C@]4([C@H]3CC[C@@H]4O)C,C19H30O2,290.2245802
A,ARv7,P10275,2PKL,4HY,"[4-(4-HYDROXY-3-IODO-PHENOXY)-3,5-DIIODO-PHENYL]-ACETIC ACID",c1cc(c(cc1Oc2c(cc(cc2I)CC(=O)O)I)I)O,C14H9I3O4,621.763502768
A,ARv7,P10275,2PNU,SO4,SULFATE ION,[O-]S(=O)(=O)[O-],O4S-2,95.95282663982
A,ARv7,P10275,2PNU,ENM,"(5S,8R,9S,10S,13R,14S,17S)-13-{2-[(3,5-DIFLUOROBENZYL)OXY]ETHYL}-17-HYDROXY-10-METHYLHEXADECAHYDRO-3H-CYCLOPENTA[A]PHENANTHREN-3-ONE",C[C@]12CCC(=O)C[C@@H]1CC[C@@H]3[C@@H]2CC[C@]4([C@H]3CC[C@@H]4O)CCOCc5cc(cc(c5)F)F,C27H36F2O3,446.26325145199996
A,ARv7,P10275,2PNU,DTT,"2,3-DIHYDROXY-1,4-DITHIOBUTANE",C([C@@H]([C@H](CS)O)O)S,C4H10O2S2,154.01222156
A,ARv7,P10275,2PNU,MES,2-(N-MORPHOLINO)-ETHANESULFONIC ACID,C1COCC[NH+]1CCS(=O)(=O)[O-],C6H13NO4S,195.056528896
A,ARv7,P10275,2Q7I,SO4,SULFATE ION,[O-]S(=O)(=O)[O-],O4S-2,95.95282663982
A,ARv7,P10275,2Q7I,TES,TESTOSTERONE,C[C@]12CC[C@H]3[C@H]([C@@H]1CC[C@@H]2O)CCC4=CC(=O)CC[C@]34C,C19H28O2,288.208930136
A,ARv7,P10275,2Q7I,GOL,GLYCEROL,C(C(CO)O)O,C3H8O3,92.047344116
A,ARv7,P10275,2Q7J,SO4,SULFATE ION,[O-]S(=O)(=O)[O-],O4S-2,95.95282663982
A,ARv7,P10275,2Q7J,TES,TESTOSTERONE,C[C@]12CC[C@H]3[C@H]([C@@H]1CC[C@@H]2O)CCC4=CC(=O)CC[C@]34C,C19H28O2,288.208930136
A,ARv7,P10275,2Q7J,GOL,GLYCEROL,C(C(CO)O)O,C3H8O3,92.047344116
A,ARv7,P10275,2Q7K,SO4,SULFATE ION,[O-]S(=O)(=O)[O-],O4S-2,95.95282663982
A,ARv7,P10275,2Q7K,TES,TESTOSTERONE,C[C@]12CC[C@H]3[C@H]([C@@H]1CC[C@@H]2O)CCC4=CC(=O)CC[C@]34C,C19H28O2,288.208930136
A,ARv7,P10275,2Q7K,GOL,GLYCEROL,C(C(CO)O)O,C3H8O3,92.047344116
A,ARv7,P10275,2Q7L,TES,TESTOSTERONE,C[C@]12CC[C@H]3[C@H]([C@@H]1CC[C@@H]2O)CCC4=CC(=O)CC[C@]34C,C19H28O2,288.208930136
A,ARv7,P10275,2Q7L,GOL,GLYCEROL,C(C(CO)O)O,C3H8O3,92.047344116
A,ARv7,P10275,2YHD,SO4,SULFATE ION,[O-]S(=O)(=O)[O-],O4S-2,95.95282663982
A,ARv7,P10275,2YHD,TES,TESTOSTERONE,C[C@]12CC[C@H]3[C@H]([C@@H]1CC[C@@H]2O)CCC4=CC(=O)CC[C@]34C,C19H28O2,288.208930136
A,ARv7,P10275,2YHD,AV6,"4-(2,3-dihydro-1H-perimidin-2-yl)benzene-1,2-diol",c1cc2cccc3c2c(c1)NC(N3)c4ccc(c(c4)O)O,C17H14N2O2,278.105527688
A,ARv7,P10275,2YLO,TES,TESTOSTERONE,C[C@]12CC[C@H]3[C@H]([C@@H]1CC[C@@H]2O)CCC4=CC(=O)CC[C@]34C,C19H28O2,288.208930136
A,ARv7,P10275,2YLO,SO4,SULFATE ION,[O-]S(=O)(=O)[O-],O4S-2,95.95282663982
A,ARv7,P10275,2YLO,YLO,1-[2-(4-METHYLPHENOXY)ETHYL]-2-(2-PHENOXYETHYLSULFANYL)BENZIMIDAZOLE,Cc1ccc(cc1)OCCn2c3ccccc3nc2SCCOc4ccccc4,C24H24N2O2S,404.15584900799996
A,ARv7,P10275,2YLP,SO4,SULFATE ION,[O-]S(=O)(=O)[O-],O4S-2,95.95282663982
A,ARv7,P10275,2YLP,TES,TESTOSTERONE,C[C@]12CC[C@H]3[C@H]([C@@H]1CC[C@@H]2O)CCC4=CC(=O)CC[C@]34C,C19H28O2,288.208930136
A,ARv7,P10275,2YLP,056,"3-[(2,4-DICHLOROPHENYL)METHYLSULFANYLMETHYL]BENZOIC ACID",c1cc(cc(c1)C(=O)O)CSCc2ccc(cc2Cl)Cl,C15H12Cl2O2S,325.993505984
A,ARv7,P10275,2YLQ,SO4,SULFATE ION,[O-]S(=O)(=O)[O-],O4S-2,95.95282663982
A,ARv7,P10275,2YLQ,TES,TESTOSTERONE,C[C@]12CC[C@H]3[C@H]([C@@H]1CC[C@@H]2O)CCC4=CC(=O)CC[C@]34C,C19H28O2,288.208930136
A,ARv7,P10275,2YLQ,YLQ,3-[1-[2-(4-METHYLPHENOXY)ETHYL]BENZIMIDAZOL-2-YL]SULFANYLPROPANOIC ACID,Cc1ccc(cc1)OCCn2c3ccccc3nc2SCCC(=O)O,C19H20N2O3S,356.11946349999994
A,ARv7,P10275,2Z4J,DHT,5-ALPHA-DIHYDROTESTOSTERONE,C[C@]12CCC(=O)C[C@@H]1CC[C@@H]3[C@@H]2CC[C@]4([C@H]3CC[C@@H]4O)C,C19H30O2,290.2245802
A,ARv7,P10275,3B5R,B5R,(2S)-3-(4-chloro-3-fluorophenoxy)-N-[4-cyano-3-(trifluoromethyl)phenyl]-2-hydroxy-2-methylpropanamide,C[C@](COc1ccc(c(c1)F)Cl)(C(=O)Nc2ccc(c(c2)C(F)(F)F)C#N)O,C18H13ClF4N2O3,416.055082836
A,ARv7,P10275,3B65,3B6,(2S)-N-(4-cyano-3-iodophenyl)-3-(4-cyanophenoxy)-2-hydroxy-2-methylpropanamide,C[C@](COc1ccc(cc1)C#N)(C(=O)Nc2ccc(c(c2)I)C#N)O,C18H14IN3O3,447.007989308
A,ARv7,P10275,3B66,B66,"4-{[(1R,2S)-1,2-dihydroxy-2-methyl-3-(4-nitrophenoxy)propyl]amino}-2-(trifluoromethyl)benzonitrile",C[C@](COc1ccc(cc1)[N+](=O)[O-])(C(Nc2ccc(c(c2)C(F)(F)F)C#N)O)O,C18H16F3N3O5,411.104205272
A,ARv7,P10275,3B67,B67,(2S)-2-hydroxy-2-methyl-N-[4-nitro-3-(trifluoromethyl)phenyl]-3-(pentafluorophenoxy)propanamide,C[C@](COc1c(c(c(c(c1F)F)F)F)F)(C(=O)Nc2ccc(c(c2)C(F)(F)F)[N+](=O)[O-])O,C17H10F8N2O5,474.04619718
A,ARv7,P10275,3B68,B68,(2S)-3-[4-(acetylamino)phenoxy]-2-hydroxy-2-methyl-N-[4-nitro-3-(trifluoromethyl)phenyl]propanamide,CC(=O)Nc1ccc(cc1)OC[C@@](C)(C(=O)Nc2ccc(c(c2)C(F)(F)F)[N+](=O)[O-])O,C19H18F3N3O6,441.114769956
A,ARv7,P10275,3BTR,,,,,
A,ARv7,P10275,3L3X,DHT,5-ALPHA-DIHYDROTESTOSTERONE,C[C@]12CCC(=O)C[C@@H]1CC[C@@H]3[C@@H]2CC[C@]4([C@H]3CC[C@@H]4O)C,C19H30O2,290.2245802
A,ARv7,P10275,3L3Z,DHT,5-ALPHA-DIHYDROTESTOSTERONE,C[C@]12CCC(=O)C[C@@H]1CC[C@@H]3[C@@H]2CC[C@]4([C@H]3CC[C@@H]4O)C,C19H30O2,290.2245802
A,ARv7,P10275,3RLJ,RLJ,(2S)-3-(4-cyanophenoxy)-N-[4-cyano-3-(trifluoromethyl)phenyl]-2-hydroxy-2-methylpropanamide,C[C@](COc1ccc(cc1)C#N)(C(=O)Nc2ccc(c(c2)C(F)(F)F)C#N)O,C19H14F3N3O3,389.098725968
A,ARv7,P10275,3RLL,RLL,(2S)-3-[(4-cyanonaphthalen-1-yl)oxy]-N-[4-cyano-3-(trifluoromethyl)phenyl]-2-hydroxy-2-methylpropanamide,C[C@](COc1ccc(c2c1cccc2)C#N)(C(=O)Nc3ccc(c(c3)C(F)(F)F)C#N)O,C23H16F3N3O3,439.114376032
A,ARv7,P10275,3V49,PK0,"4-[(4R)-4-(4-hydroxyphenyl)-3,4-dimethyl-2,5-dioxoimidazolidin-1-yl]-2-(trifluoromethyl)benzonitrile",C[C@]1(C(=O)N(C(=O)N1C)c2ccc(c(c2)C(F)(F)F)C#N)c3ccc(cc3)O,C19H14F3N3O3,389.098725968
A,ARv7,P10275,3V49,SO4,SULFATE ION,[O-]S(=O)(=O)[O-],O4S-2,95.95282663982
A,ARv7,P10275,3V4A,PK1,"(5R)-3-(3,4-dichlorophenyl)-5-(4-hydroxyphenyl)-1,5-dimethyl-2-thioxoimidazolidin-4-one",C[C@]1(C(=O)N(C(=S)N1C)c2ccc(c(c2)Cl)Cl)c3ccc(cc3)O,C17H14Cl2N2O2S,380.01530404799996
A,ARv7,P10275,3V4A,SO4,SULFATE ION,[O-]S(=O)(=O)[O-],O4S-2,95.95282663982
A,ARv7,P10275,3ZQT,TES,TESTOSTERONE,C[C@]12CC[C@H]3[C@H]([C@@H]1CC[C@@H]2O)CCC4=CC(=O)CC[C@]34C,C19H28O2,288.208930136
A,ARv7,P10275,3ZQT,SO4,SULFATE ION,[O-]S(=O)(=O)[O-],O4S-2,95.95282663982
A,ARv7,P10275,3ZQT,30Z,"4-[(2R,3S)-3-[(3,4-DIHYDROXYPHENYL)METHYL]-2-METHYLBUTYL]BENZENE-1,2-DIOL",C[C@@H](Cc1ccc(c(c1)O)O)[C@@H](C)Cc2ccc(c(c2)O)O,C18H22O4,302.15180918399994
A,ARv7,P10275,4HLW,TES,TESTOSTERONE,C[C@]12CC[C@H]3[C@H]([C@@H]1CC[C@@H]2O)CCC4=CC(=O)CC[C@]34C,C19H28O2,288.208930136
A,ARv7,P10275,4HLW,17W,2-[(2-phenoxyethyl)sulfanyl]-1H-benzimidazole,c1ccc(cc1)OCCSc2[nH]c3ccccc3n2,C15H14N2OS,270.082684068
A,ARv7,P10275,4HLW,GOL,GLYCEROL,C(C(CO)O)O,C3H8O3,92.047344116
A,ARv7,P10275,4HLW,SO4,SULFATE ION,[O-]S(=O)(=O)[O-],O4S-2,95.95282663982
A,ARv7,P10275,4K7A,DHT,5-ALPHA-DIHYDROTESTOSTERONE,C[C@]12CCC(=O)C[C@@H]1CC[C@@H]3[C@@H]2CC[C@]4([C@H]3CC[C@@H]4O)C,C19H30O2,290.2245802
A,ARv7,P10275,4K7A,MXD,"6-PIPERIDIN-1-YLPYRIMIDINE-2,4-DIAMINE 3-OXIDE",c1c([n+](c(nc1N2CCCCC2)N)[O-])N,C9H15N5O,209.12766009999999
A,ARv7,P10275,4OEA,DHT,5-ALPHA-DIHYDROTESTOSTERONE,C[C@]12CCC(=O)C[C@@H]1CC[C@@H]3[C@@H]2CC[C@]4([C@H]3CC[C@@H]4O)C,C19H30O2,290.2245802
A,ARv7,P10275,4OED,SO4,SULFATE ION,[O-]S(=O)(=O)[O-],O4S-2,95.95282663982
A,ARv7,P10275,4OED,DHT,5-ALPHA-DIHYDROTESTOSTERONE,C[C@]12CCC(=O)C[C@@H]1CC[C@@H]3[C@@H]2CC[C@]4([C@H]3CC[C@@H]4O)C,C19H30O2,290.2245802
A,ARv7,P10275,4OEY,SO4,SULFATE ION,[O-]S(=O)(=O)[O-],O4S-2,95.95282663982
A,ARv7,P10275,4OEY,DHT,5-ALPHA-DIHYDROTESTOSTERONE,C[C@]12CCC(=O)C[C@@H]1CC[C@@H]3[C@@H]2CC[C@]4([C@H]3CC[C@@H]4O)C,C19H30O2,290.2245802
A,ARv7,P10275,4OEZ,SO4,SULFATE ION,[O-]S(=O)(=O)[O-],O4S-2,95.95282663982
A,ARv7,P10275,4OEZ,DHT,5-ALPHA-DIHYDROTESTOSTERONE,C[C@]12CCC(=O)C[C@@H]1CC[C@@H]3[C@@H]2CC[C@]4([C@H]3CC[C@@H]4O)C,C19H30O2,290.2245802
A,ARv7,P10275,4OFR,DHT,5-ALPHA-DIHYDROTESTOSTERONE,C[C@]12CCC(=O)C[C@@H]1CC[C@@H]3[C@@H]2CC[C@]4([C@H]3CC[C@@H]4O)C,C19H30O2,290.2245802
A,ARv7,P10275,4OFU,DHT,5-ALPHA-DIHYDROTESTOSTERONE,C[C@]12CCC(=O)C[C@@H]1CC[C@@H]3[C@@H]2CC[C@]4([C@H]3CC[C@@H]4O)C,C19H30O2,290.2245802
A,ARv7,P10275,4OGH,HFT,HYDROXYFLUTAMIDE,CC(C)(C(=O)Nc1ccc(c(c1)C(F)(F)F)[N+](=O)[O-])O,C11H11F3N2O4,292.067091492
A,ARv7,P10275,4OGH,SO4,SULFATE ION,[O-]S(=O)(=O)[O-],O4S-2,95.95282663982
A,ARv7,P10275,4OH5,HFT,HYDROXYFLUTAMIDE,CC(C)(C(=O)Nc1ccc(c(c1)C(F)(F)F)[N+](=O)[O-])O,C11H11F3N2O4,292.067091492
A,ARv7,P10275,4OH5,SO4,SULFATE ION,[O-]S(=O)(=O)[O-],O4S-2,95.95282663982
A,ARv7,P10275,4OH6,HFT,HYDROXYFLUTAMIDE,CC(C)(C(=O)Nc1ccc(c(c1)C(F)(F)F)[N+](=O)[O-])O,C11H11F3N2O4,292.067091492
A,ARv7,P10275,4OH6,SO4,SULFATE ION,[O-]S(=O)(=O)[O-],O4S-2,95.95282663982
A,ARv7,P10275,4OHA,HFT,HYDROXYFLUTAMIDE,CC(C)(C(=O)Nc1ccc(c(c1)C(F)(F)F)[N+](=O)[O-])O,C11H11F3N2O4,292.067091492
A,ARv7,P10275,4OHA,SO4,SULFATE ION,[O-]S(=O)(=O)[O-],O4S-2,95.95282663982
A,ARv7,P10275,4OIL,HFT,HYDROXYFLUTAMIDE,CC(C)(C(=O)Nc1ccc(c(c1)C(F)(F)F)[N+](=O)[O-])O,C11H11F3N2O4,292.067091492
A,ARv7,P10275,4OIU,HFT,HYDROXYFLUTAMIDE,CC(C)(C(=O)Nc1ccc(c(c1)C(F)(F)F)[N+](=O)[O-])O,C11H11F3N2O4,292.067091492
A,ARv7,P10275,4OJ9,HFT,HYDROXYFLUTAMIDE,CC(C)(C(=O)Nc1ccc(c(c1)C(F)(F)F)[N+](=O)[O-])O,C11H11F3N2O4,292.067091492
A,ARv7,P10275,4OJ9,SO4,SULFATE ION,[O-]S(=O)(=O)[O-],O4S-2,95.95282663982
A,ARv7,P10275,4OJ9,GOL,GLYCEROL,C(C(CO)O)O,C3H8O3,92.047344116
A,ARv7,P10275,4OJB,198,R-BICALUTAMIDE,C[C@](CS(=O)(=O)c1ccc(cc1)F)(C(=O)Nc2ccc(c(c2)C(F)(F)F)C#N)O,C18H14F4N2O4S,430.061040808
A,ARv7,P10275,4OK1,198,R-BICALUTAMIDE,C[C@](CS(=O)(=O)c1ccc(cc1)F)(C(=O)Nc2ccc(c(c2)C(F)(F)F)C#N)O,C18H14F4N2O4S,430.061040808
A,ARv7,P10275,4OKB,SO4,SULFATE ION,[O-]S(=O)(=O)[O-],O4S-2,95.95282663982
A,ARv7,P10275,4OKB,198,R-BICALUTAMIDE,C[C@](CS(=O)(=O)c1ccc(cc1)F)(C(=O)Nc2ccc(c(c2)C(F)(F)F)C#N)O,C18H14F4N2O4S,430.061040808
A,ARv7,P10275,4OKT,198,R-BICALUTAMIDE,C[C@](CS(=O)(=O)c1ccc(cc1)F)(C(=O)Nc2ccc(c(c2)C(F)(F)F)C#N)O,C18H14F4N2O4S,430.061040808
A,ARv7,P10275,4OKW,198,R-BICALUTAMIDE,C[C@](CS(=O)(=O)c1ccc(cc1)F)(C(=O)Nc2ccc(c(c2)C(F)(F)F)C#N)O,C18H14F4N2O4S,430.061040808
A,ARv7,P10275,4OKX,SO4,SULFATE ION,[O-]S(=O)(=O)[O-],O4S-2,95.95282663982
A,ARv7,P10275,4OKX,198,R-BICALUTAMIDE,C[C@](CS(=O)(=O)c1ccc(cc1)F)(C(=O)Nc2ccc(c(c2)C(F)(F)F)C#N)O,C18H14F4N2O4S,430.061040808
A,ARv7,P10275,4OLM,198,R-BICALUTAMIDE,C[C@](CS(=O)(=O)c1ccc(cc1)F)(C(=O)Nc2ccc(c(c2)C(F)(F)F)C#N)O,C18H14F4N2O4S,430.061040808
A,ARv7,P10275,4QL8,JAD,"2-chloro-4-[(3S,3aS,4S)-4-hydroxy-3-methoxy-3a,4,5,6-tetrahydro-3H-pyrrolo[1,2-b]pyrazol-2-yl]-3-methylbenzonitrile",Cc1c(ccc(c1Cl)C#N)C2=NN3CC[C@@H]([C@H]3[C@@H]2OC)O,C15H16ClN3O2,305.09310443199996
A,ARv7,P10275,5CJ6,51Y,"2-chloro-4-{[(1R,2R)-2-hydroxy-2-methylcyclopentyl]amino}-3-methylbenzonitrile",Cc1c(ccc(c1Cl)C#N)N[C@@H]2CCC[C@@]2(C)O,C14H17ClN2O,264.102940844
A,ARv7,P10275,5JJM,DHT,5-ALPHA-DIHYDROTESTOSTERONE,C[C@]12CCC(=O)C[C@@H]1CC[C@@H]3[C@@H]2CC[C@]4([C@H]3CC[C@@H]4O)C,C19H30O2,290.2245802
A,ARv7,P10275,5JJM,ZN,ZINC ION,[Zn+2],Zn+2,63.92804504018
A,ARv7,P10275,5JJM,CL,CHLORIDE ION,[Cl-],Cl-,34.96940125991
A,ARv7,P10275,5JJM,EDO,"1,2-ETHANEDIOL",C(CO)O,C2H6O2,62.036779432
A,ARv7,P10275,5JJM,GOL,GLYCEROL,C(C(CO)O)O,C3H8O3,92.047344116
A,ARv7,P10275,5JJM,SO4,SULFATE ION,[O-]S(=O)(=O)[O-],O4S-2,95.95282663982
A,ARv7,P10275,5JJM,PGE,TRIETHYLENE GLYCOL,C(COCCOCCO)O,C6H14O4,150.089208928
A,ARv7,P10275,5JJM,ACT,ACETATE ION,CC(=O)[O-],C2H3O2-,59.01385291591001
A,ARv7,P10275,5T8E,GOL,GLYCEROL,C(C(CO)O)O,C3H8O3,92.047344116
A,ARv7,P10275,5T8E,77U,"2-chloro-4-[(2S,3S)-3-hydroxy-2-methylpyrrolidin-1-yl]-3-methylbenzonitrile",Cc1c(ccc(c1Cl)C#N)N2CC[C@@H]([C@@H]2C)O,C13H15ClN2O,250.08729078
A,ARv7,P10275,5T8J,GOL,GLYCEROL,C(C(CO)O)O,C3H8O3,92.047344116
A,ARv7,P10275,5T8J,77T,"2-fluoro-4-[(2S,3S)-3-hydroxy-2,3-dimethylpyrrolidin-1-yl]-3-methylbenzonitrile",Cc1c(ccc(c1F)C#N)N2CC[C@]([C@@H]2C)(C)O,C14H17FN2O,248.132491384
A,ARv7,P10275,5V8Q,GOL,GLYCEROL,C(C(CO)O)O,C3H8O3,92.047344116
A,ARv7,P10275,5V8Q,97A,"4-[(2S,3S)-2-ethyl-3-hydroxy-5-oxopyrrolidin-1-yl]-2-(trifluoromethyl)benzonitrile",CC[C@H]1[C@H](CC(=O)N1c2ccc(c(c2)C(F)(F)F)C#N)O,C14H13F3N2O2,298.092912316
A,ARv7,P10275,5VO4,9FG,5-(2-fluoro-4-hydroxyphenyl)-1-methyl-1H-pyrrole-2-carbonitrile,Cn1c(ccc1c2ccc(cc2F)O)C#N,C12H9FN2O,216.069891128
A,ARv7,P10275,7ZTX,DHT,5-ALPHA-DIHYDROTESTOSTERONE,C[C@]12CCC(=O)C[C@@H]1CC[C@@H]3[C@@H]2CC[C@]4([C@H]3CC[C@@H]4O)C,C19H30O2,290.2245802
A,ARv7,P10275,7ZTX,SO4,SULFATE ION,[O-]S(=O)(=O)[O-],O4S-2,95.95282663982
A,ARv7,P10275,7ZTX,IMD,IMIDAZOLE,c1c[nH+]c[nH]1,C3H5N2+,69.04472458008999
A,ARv7,P10275,7ZTZ,DHT,5-ALPHA-DIHYDROTESTOSTERONE,C[C@]12CCC(=O)C[C@@H]1CC[C@@H]3[C@@H]2CC[C@]4([C@H]3CC[C@@H]4O)C,C19H30O2,290.2245802
A,ARv7,P10275,7ZTZ,IMD,IMIDAZOLE,c1c[nH+]c[nH]1,C3H5N2+,69.04472458008999
A,ARv7,P10275,7ZTZ,SO4,SULFATE ION,[O-]S(=O)(=O)[O-],O4S-2,95.95282663982
A,ARv7,P10275,7ZU1,DHT,5-ALPHA-DIHYDROTESTOSTERONE,C[C@]12CCC(=O)C[C@@H]1CC[C@@H]3[C@@H]2CC[C@]4([C@H]3CC[C@@H]4O)C,C19H30O2,290.2245802
A,ARv7,P10275,7ZU1,GOL,GLYCEROL,C(C(CO)O)O,C3H8O3,92.047344116
A,ARv7,P10275,7ZU1,SO4,SULFATE ION,[O-]S(=O)(=O)[O-],O4S-2,95.95282663982
A,ARv7,P10275,7ZU1,DTT,"2,3-DIHYDROXY-1,4-DITHIOBUTANE",C([C@@H]([C@H](CS)O)O)S,C4H10O2S2,154.01222156
A,ARv7,P10275,7ZU1,IMD,IMIDAZOLE,c1c[nH+]c[nH]1,C3H5N2+,69.04472458008999
A,ARv7,P10275,7ZU1,LI,LITHIUM ION,[Li+],Li+,7.01545597009
A,ARv7,P10275,7ZU2,DHT,5-ALPHA-DIHYDROTESTOSTERONE,C[C@]12CCC(=O)C[C@@H]1CC[C@@H]3[C@@H]2CC[C@]4([C@H]3CC[C@@H]4O)C,C19H30O2,290.2245802
A,ARv7,P10275,7ZU2,IMD,IMIDAZOLE,c1c[nH+]c[nH]1,C3H5N2+,69.04472458008999
A,ARv7,P10275,8E1A,3E0,"4-[4-(3-fluoro-2-methoxyphenyl)-1,3-thiazol-2-yl]morpholine",COc1c(cccc1F)c2csc(n2)N3CCOCC3,C14H15FN2O2S,294.08382694000005
A,ARv7,P10275,8E1A,EDO,"1,2-ETHANEDIOL",C(CO)O,C2H6O2,62.036779432
A,ARv7,P10275,8FGY,DHT,5-ALPHA-DIHYDROTESTOSTERONE,C[C@]12CCC(=O)C[C@@H]1CC[C@@H]3[C@@H]2CC[C@]4([C@H]3CC[C@@H]4O)C,C19H30O2,290.2245802
A,ARv7,P10275,8FGZ,DHT,5-ALPHA-DIHYDROTESTOSTERONE,C[C@]12CCC(=O)C[C@@H]1CC[C@@H]3[C@@H]2CC[C@]4([C@H]3CC[C@@H]4O)C,C19H30O2,290.2245802
A,ARv7,P10275,8FGZ,SO4,SULFATE ION,[O-]S(=O)(=O)[O-],O4S-2,95.95282663982
A,ARv7,P10275,8FH0,DHT,5-ALPHA-DIHYDROTESTOSTERONE,C[C@]12CCC(=O)C[C@@H]1CC[C@@H]3[C@@H]2CC[C@]4([C@H]3CC[C@@H]4O)C,C19H30O2,290.2245802
A,ARv7,P10275,8FH0,SO4,SULFATE ION,[O-]S(=O)(=O)[O-],O4S-2,95.95282663982
A,ARv7,P10275,8FH1,DHT,5-ALPHA-DIHYDROTESTOSTERONE,C[C@]12CCC(=O)C[C@@H]1CC[C@@H]3[C@@H]2CC[C@]4([C@H]3CC[C@@H]4O)C,C19H30O2,290.2245802
A,ARv7,P10275,8FH1,SO4,SULFATE ION,[O-]S(=O)(=O)[O-],O4S-2,95.95282663982
A,ARv7,P10275,8FH2,DHT,5-ALPHA-DIHYDROTESTOSTERONE,C[C@]12CCC(=O)C[C@@H]1CC[C@@H]3[C@@H]2CC[C@]4([C@H]3CC[C@@H]4O)C,C19H30O2,290.2245802
A,ARv7,P10275,8FH2,SO4,SULFATE ION,[O-]S(=O)(=O)[O-],O4S-2,95.95282663982
A,ARv7,P10275,8RM6,ZN,ZINC ION,[Zn+2],Zn+2,63.92804504018
A,ARv7,P10275,8RM7,ZN,ZINC ION,[Zn+2],Zn+2,63.92804504018
A,ERG,P11308,1SXE,,,,,
A,ERG,P11308,4IRG,,,,,
A,ERG,P11308,4IRH,,,,,
A,ERG,P11308,4IRI,,,,,
A,ERG,P11308,5YBC,GOL,GLYCEROL,C(C(CO)O)O,C3H8O3,92.047344116
A,ERG,P11308,5YBD,,,,,
A,ERG,P11308,6VGE,,,,,
A,ERG,P11308,6VGG,QWP,mithramycin,Cc1c(cc2cc3c(c(c2c1O)O)C(=O)[C@H]([C@@H](C3)[C@@H](C(=O)[C@H]([C@@H](C)O)O)OC)O[C@H]4C[C@H]([C@@H]([C@H](O4)C)O)O[C@H]5C[C@H]([C@H]([C@H](O5)C)O)O[C@H]6C[C@]([C@@H]([C@H](O6)C)O)(C)O)O[C@H]7C[C@H]([C@@H]([C@H](O7)C)O)O[C@H]8C[C@H]([C@@H]([C@H](O8)C)O)O,C52H76O24,1084.4726533120001
A,Myc,P01106,1A93,,,,,
A,Myc,P01106,1EE4,,,,,
A,Myc,P01106,1MV0,,,,,
A,Myc,P01106,1NKP,,,,,
A,Myc,P01106,2A93,,,,,
A,Myc,P01106,2OR9,,,,,
A,Myc,P01106,4Y7R,,,,,
A,Myc,P01106,5I4Z,GOL,GLYCEROL,C(C(CO)O)O,C3H8O3,92.047344116
A,Myc,P01106,5I4Z,CL,CHLORIDE ION,[Cl-],Cl-,34.96940125991
A,Myc,P01106,5I4Z,K,POTASSIUM ION,[K+],K+,38.96315810009
A,Myc,P01106,5I50,,,,,
A,Myc,P01106,6C4U,,,,,
A,Myc,P01106,6E16,,,,,
A,Myc,P01106,6E24,,,,,
A,Myc,P01106,6G6J,SO4,SULFATE ION,[O-]S(=O)(=O)[O-],O4S-2,95.95282663982
A,Myc,P01106,6G6K,CL,CHLORIDE ION,[Cl-],Cl-,34.96940125991
A,Myc,P01106,6G6L,SO4,SULFATE ION,[O-]S(=O)(=O)[O-],O4S-2,95.95282663982
A,Myc,P01106,7T1Y,SO4,SULFATE ION,[O-]S(=O)(=O)[O-],O4S-2,95.95282663982
A,Myc,P01106,7T1Z,,,,,
A,Myc,P01106,8J2Q,,,,,
A,Myc,P01106,8OTS,,,,,
A,Myc,P01106,8OTT,,,,,
A,Myc,P01106,8Q1N,,,,,
A,Myc,P01106,8WLG,,,,,
A,Myc,P01106,8X8S,,,,,
A,Myc,P01106,8X8V,,,,,
A,Myc,P01106,9QNH,,,,,
A,p53,P04637,1A1U,,,,,
A,p53,P04637,1AIE,,,,,
A,p53,P04637,1C26,,,,,
A,p53,P04637,1DT7,,,,,
A,p53,P04637,1GZH,ZN,ZINC ION,[Zn+2],Zn+2,63.92804504018
A,p53,P04637,1H26,,,,,
A,p53,P04637,1HS5,,,,,
A,p53,P04637,1JSP,,,,,
A,p53,P04637,1KZY,ZN,ZINC ION,[Zn+2],Zn+2,63.92804504018
A,p53,P04637,1MA3,MES,2-(N-MORPHOLINO)-ETHANESULFONIC ACID,C1COCC[NH+]1CCS(=O)(=O)[O-],C6H13NO4S,195.056528896
A,p53,P04637,1OLG,,,,,
A,p53,P04637,1OLH,,,,,
A,p53,P04637,1PES,,,,,
A,p53,P04637,1PET,,,,,
A,p53,P04637,1SAE,,,,,
A,p53,P04637,1SAF,,,,,
A,p53,P04637,1SAK,,,,,
A,p53,P04637,1SAL,,,,,
A,p53,P04637,1TSR,ZN,ZINC ION,[Zn+2],Zn+2,63.92804504018
A,p53,P04637,1TUP,ZN,ZINC ION,[Zn+2],Zn+2,63.92804504018
A,p53,P04637,1UOL,ZN,ZINC ION,[Zn+2],Zn+2,63.92804504018
A,p53,P04637,1XQH,SAH,S-ADENOSYL-L-HOMOCYSTEINE,c1nc(c2c(n1)n(cn2)[C@H]3[C@@H]([C@@H]([C@H](O3)CSCC[C@@H](C(=O)O)N)O)O)N,C14H20N6O5S,384.12158873999994
A,p53,P04637,1YC5,NCA,NICOTINAMIDE,c1cc(cnc1)C(=O)N,C6H6N2O,122.048012812
A,p53,P04637,1YCQ,,,,,
A,p53,P04637,1YCR,,,,,
A,p53,P04637,1YCS,ZN,ZINC ION,[Zn+2],Zn+2,63.92804504018
A,p53,P04637,2AC0,ZN,ZINC ION,[Zn+2],Zn+2,63.92804504018
A,p53,P04637,2ADY,ZN,ZINC ION,[Zn+2],Zn+2,63.92804504018
A,p53,P04637,2AHI,ZN,ZINC ION,[Zn+2],Zn+2,63.92804504018
A,p53,P04637,2ATA,ZN,ZINC ION,[Zn+2],Zn+2,63.92804504018
A,p53,P04637,2B3G,,,,,
A,p53,P04637,2BIM,ZN,ZINC ION,[Zn+2],Zn+2,63.92804504018
A,p53,P04637,2BIM,SO4,SULFATE ION,[O-]S(=O)(=O)[O-],O4S-2,95.95282663982
A,p53,P04637,2BIN,ZN,ZINC ION,[Zn+2],Zn+2,63.92804504018
A,p53,P04637,2BIO,ZN,ZINC ION,[Zn+2],Zn+2,63.92804504018
A,p53,P04637,2BIP,ZN,ZINC ION,[Zn+2],Zn+2,63.92804504018
A,p53,P04637,2BIQ,ZN,ZINC ION,[Zn+2],Zn+2,63.92804504018
A,p53,P04637,2F1X,,,,,
A,p53,P04637,2FEJ,ZN,ZINC ION,[Zn+2],Zn+2,63.92804504018
A,p53,P04637,2FOJ,,,,,
A,p53,P04637,2FOO,,,,,
A,p53,P04637,2GS0,,,,,
A,p53,P04637,2H1L,ZN,ZINC ION,[Zn+2],Zn+2,63.92804504018
A,p53,P04637,2H2D,,,,,
A,p53,P04637,2H2F,,,,,
A,p53,P04637,2H4F,NAD,NICOTINAMIDE-ADENINE-DINUCLEOTIDE,c1cc(c[n+](c1)[C@H]2[C@@H]([C@@H]([C@H](O2)CO[P@@](=O)([O-])O[P@@](=O)(O)OC[C@@H]3[C@H]([C@H]([C@@H](O3)n4cnc5c4ncnc5N)O)O)O)O)C(=O)N,C21H27N7O14P2,663.1091218040001
A,p53,P04637,2H4H,NAD,NICOTINAMIDE-ADENINE-DINUCLEOTIDE,c1cc(c[n+](c1)[C@H]2[C@@H]([C@@H]([C@H](O2)CO[P@@](=O)([O-])O[P@@](=O)(O)OC[C@@H]3[C@H]([C@H]([C@@H](O3)n4cnc5c4ncnc5N)O)O)O)O)C(=O)N,C21H27N7O14P2,663.1091218040001
A,p53,P04637,2H4J,,,,,
A,p53,P04637,2H59,APR,ADENOSINE-5-DIPHOSPHORIBOSE,c1nc(c2c(n1)n(cn2)[C@H]3[C@@H]([C@@H]([C@H](O3)CO[P@](=O)(O)O[P@](=O)(O)OC[C@@H]4[C@H]([C@H]([C@@H](O4)O)O)O)O)O)N,C15H23N5O14P2,559.0716736759997
A,p53,P04637,2H59,3OD,"(2S,3S,4R,5S)-2-({[(S)-{[(S)-{[(2R,3S,4R,5R)-5-(6-AMINO-9H-PURIN-9-YL)-3,4-DIHYDROXYTETRAHYDROFURAN-2-YL]METHOXY}(HYDROXY)PHOSPHORYL]OXY}(HYDROXY)PHOSPHORYL]OXY}METHYL)-4,5-DIHYDROXYTETRAHYDROFURAN-3-YL ACETATE",CC(=O)O[C@@H]1[C@@H](O[C@@H]([C@@H]1O)O)CO[P@](=O)(O)O[P@@](=O)(O)OC[C@@H]2[C@H]([C@H]([C@@H](O2)n3cnc4c3ncnc4N)O)O,C17H25N5O15P2,601.08223836
A,p53,P04637,2J0Z,,,,,
A,p53,P04637,2J10,,,,,
A,p53,P04637,2J11,,,,,
A,p53,P04637,2J1W,ZN,ZINC ION,[Zn+2],Zn+2,63.92804504018
A,p53,P04637,2J1X,ZN,ZINC ION,[Zn+2],Zn+2,63.92804504018
A,p53,P04637,2J1Y,ZN,ZINC ION,[Zn+2],Zn+2,63.92804504018
A,p53,P04637,2J1Y,CA,CALCIUM ION,[Ca+2],Ca+2,39.96149382018
A,p53,P04637,2J1Z,ZN,ZINC ION,[Zn+2],Zn+2,63.92804504018
A,p53,P04637,2J20,ZN,ZINC ION,[Zn+2],Zn+2,63.92804504018
A,p53,P04637,2J20,SO4,SULFATE ION,[O-]S(=O)(=O)[O-],O4S-2,95.95282663982
A,p53,P04637,2J21,ZN,ZINC ION,[Zn+2],Zn+2,63.92804504018
A,p53,P04637,2K8F,,,,,
A,p53,P04637,2L14,,,,,
A,p53,P04637,2LY4,,,,,
A,p53,P04637,2MEJ,ZN,ZINC ION,[Zn+2],Zn+2,63.92804504018
A,p53,P04637,2MWO,,,,,
A,p53,P04637,2MWP,,,,,
A,p53,P04637,2MWY,,,,,
A,p53,P04637,2MZD,,,,,
A,p53,P04637,2OCJ,ZN,ZINC ION,[Zn+2],Zn+2,63.92804504018
A,p53,P04637,2PCX,ZN,ZINC ION,[Zn+2],Zn+2,63.92804504018
A,p53,P04637,2RUK,,,,,
A,p53,P04637,2VUK,ZN,ZINC ION,[Zn+2],Zn+2,63.92804504018
A,p53,P04637,2VUK,P83,1-(9-ethyl-9H-carbazol-3-yl)-N-methylmethanamine,CCn1c2ccccc2c3c1ccc(c3)CNC,C16H18N2,238.146998576
A,p53,P04637,2WGX,ZN,ZINC ION,[Zn+2],Zn+2,63.92804504018
A,p53,P04637,2X0U,ZN,ZINC ION,[Zn+2],Zn+2,63.92804504018
A,p53,P04637,2X0U,X0U,"6,7-DIHYDRO[1,4]DIOXINO[2,3-F][1,3]BENZOTHIAZOL-2-AMINE",c1c2c(cc3c1OCCO3)sc(n2)N,C9H8N2O2S,208.030648496
A,p53,P04637,2X0V,ZN,ZINC ION,[Zn+2],Zn+2,63.92804504018
A,p53,P04637,2X0V,X0V,"4-(TRIFLUOROMETHYL)BENZENE-1,2-DIAMINE",c1cc(c(cc1C(F)(F)F)N)N,C7H7F3N2,176.056132884
A,p53,P04637,2X0W,ZN,ZINC ION,[Zn+2],Zn+2,63.92804504018
A,p53,P04637,2X0W,X0W,"5,6-DIMETHOXY-2-METHYL-1,3-BENZOTHIAZOLE",Cc1nc2cc(c(cc2s1)OC)OC,C10H11NO2S,209.051049592
A,p53,P04637,2XWR,ZN,ZINC ION,[Zn+2],Zn+2,63.92804504018
A,p53,P04637,2YBG,ZN,ZINC ION,[Zn+2],Zn+2,63.92804504018
A,p53,P04637,2YDR,NAG,2-acetamido-2-deoxy-beta-D-glucopyranose,CC(=O)N[C@@H]1[C@H]([C@@H]([C@H](O[C@H]1O)CO)O)O,C8H15NO6,221.0899372
A,p53,P04637,2Z5S,,,,,
A,p53,P04637,2Z5T,,,,,
A,p53,P04637,3D05,ZN,ZINC ION,[Zn+2],Zn+2,63.92804504018
A,p53,P04637,3D06,ZN,ZINC ION,[Zn+2],Zn+2,63.92804504018
A,p53,P04637,3D07,ZN,ZINC ION,[Zn+2],Zn+2,63.92804504018
A,p53,P04637,3D08,ZN,ZINC ION,[Zn+2],Zn+2,63.92804504018
A,p53,P04637,3D09,ZN,ZINC ION,[Zn+2],Zn+2,63.92804504018
A,p53,P04637,3D0A,ZN,ZINC ION,[Zn+2],Zn+2,63.92804504018
A,p53,P04637,3DAB,,,,,
A,p53,P04637,3DAC,,,,,
A,p53,P04637,3IGK,ZN,ZINC ION,[Zn+2],Zn+2,63.92804504018
A,p53,P04637,3IGL,ZN,ZINC ION,[Zn+2],Zn+2,63.92804504018
A,p53,P04637,3IGL,EDO,"1,2-ETHANEDIOL",C(CO)O,C2H6O2,62.036779432
A,p53,P04637,3KMD,ZN,ZINC ION,[Zn+2],Zn+2,63.92804504018
A,p53,P04637,3KZ8,ZN,ZINC ION,[Zn+2],Zn+2,63.92804504018
A,p53,P04637,3KZ8,IOD,IODIDE ION,[I-],I-,126.90502157991
A,p53,P04637,3LW1,,,,,
A,p53,P04637,3OQ5,,,,,
A,p53,P04637,3PDH,,,,,
A,p53,P04637,3Q01,ZN,ZINC ION,[Zn+2],Zn+2,63.92804504018
A,p53,P04637,3Q05,ZN,ZINC ION,[Zn+2],Zn+2,63.92804504018
A,p53,P04637,3Q06,ZN,ZINC ION,[Zn+2],Zn+2,63.92804504018
A,p53,P04637,3SAK,,,,,
A,p53,P04637,3TG5,GOL,GLYCEROL,C(C(CO)O)O,C3H8O3,92.047344116
A,p53,P04637,3TS8,ZN,ZINC ION,[Zn+2],Zn+2,63.92804504018
A,p53,P04637,3ZME,ZN,ZINC ION,[Zn+2],Zn+2,63.92804504018
A,p53,P04637,3ZME,QC5,"2-(4-(4-fluorophenyl)-5-(1H-pyrrol-1-yl)-1H-pyrazol-1-yl)-N,N-dimethylethanamine",CN(C)CCn1cc(c(n1)n2cccc2)c3ccc(cc3)F,C17H19FN4,298.159374828
A,p53,P04637,4AGL,P84,"2,4-BIS(IODANYL)-6-[[METHYL-(1-METHYLPIPERIDIN-4-YL)AMINO]METHYL]PHENOL",CN1CCC(CC1)N(C)Cc2cc(cc(c2O)I)I,C14H20I2N2O,485.96650926
A,p53,P04637,4AGL,ZN,ZINC ION,[Zn+2],Zn+2,63.92804504018
A,p53,P04637,4AGM,P86,"2-{[4-(DIETHYLAMINO)PIPERIDIN-1-YL]METHYL}-4,6-DIIODOPHENOL",CCN(CC)C1CCN(CC1)Cc2cc(cc(c2O)I)I,C16H24I2N2O,513.9978093880001
A,p53,P04637,4AGM,ZN,ZINC ION,[Zn+2],Zn+2,63.92804504018
A,p53,P04637,4AGN,ZN,ZINC ION,[Zn+2],Zn+2,63.92804504018
A,p53,P04637,4AGN,NXG,2-{[4-(DIETHYLAMINO)PIPERIDIN-1-YL]METHYL}-4-(3-HYDROXYPROP-1-YN-1-YL)-6-IODOPHENOL,CCN(CC)C1CCN(CC1)Cc2cc(cc(c2O)I)C#CCO,C19H27IN2O2,442.111726104
A,p53,P04637,4AGO,P74,TERT-BUTYL [3-(3-{[4-(DIETHYLAMINO)PIPERIDIN-1-YL]METHYL}-4-HYDROXY-5-IODOPHENYL)PROP-2-YN-1-YL]CARBAMATE,CCN(CC)C1CCN(CC1)Cc2cc(cc(c2O)I)C#CCNC(=O)OC(C)(C)C,C24H36IN3O3,541.180140012
A,p53,P04637,4AGO,ZN,ZINC ION,[Zn+2],Zn+2,63.92804504018
A,p53,P04637,4AGP,P51,2-{[4-(diethylamino)piperidin-1-yl]methyl}-6-iodo-4-(3-phenoxyprop-1-yn-1-yl)phenol,CCN(CC)C1CCN(CC1)Cc2cc(cc(c2O)I)C#CCOc3ccccc3,C25H31IN2O2,518.143026232
A,p53,P04637,4AGP,ZN,ZINC ION,[Zn+2],Zn+2,63.92804504018
A,p53,P04637,4AGQ,P96,2-{[4-(diethylamino)piperidin-1-yl]methyl}-6-iodo-4-[3-(phenylamino)prop-1-yn-1-yl]phenol,CCN(CC)C1CCN(CC1)Cc2cc(cc(c2O)I)C#CCNc3ccccc3,C25H32IN3O,517.1590106440001
A,p53,P04637,4AGQ,ZN,ZINC ION,[Zn+2],Zn+2,63.92804504018
A,p53,P04637,4BUZ,OCZ,"(1S)-6-chloro-2,3,4,9-tetrahydro-1H-carbazole-1- carboxamide",c1cc2c(cc1Cl)c3c([nH]2)[C@H](CCC3)C(=O)N,C13H13ClN2O,248.071640716
A,p53,P04637,4BUZ,NAD,NICOTINAMIDE-ADENINE-DINUCLEOTIDE,c1cc(c[n+](c1)[C@H]2[C@@H]([C@@H]([C@H](O2)CO[P@@](=O)([O-])O[P@@](=O)(O)OC[C@@H]3[C@H]([C@H]([C@@H](O3)n4cnc5c4ncnc5N)O)O)O)O)C(=O)N,C21H27N7O14P2,663.1091218040001
A,p53,P04637,4BUZ,OAD,2'-O-ACETYL ADENOSINE-5-DIPHOSPHORIBOSE,CC(=O)O[C@@H]1[C@@H]([C@H](O[C@@H]1O)CO[P@@](=O)(O)O[P@@](=O)(O)OC[C@@H]2[C@H]([C@H]([C@@H](O2)n3cnc4c3ncnc4N)O)O)O,C17H25N5O15P2,601.0822383600001
A,p53,P04637,4BV2,OAD,2'-O-ACETYL ADENOSINE-5-DIPHOSPHORIBOSE,CC(=O)O[C@@H]1[C@@H]([C@H](O[C@@H]1O)CO[P@@](=O)(O)O[P@@](=O)(O)OC[C@@H]2[C@H]([C@H]([C@@H](O2)n3cnc4c3ncnc4N)O)O)O,C17H25N5O15P2,601.0822383600001
A,p53,P04637,4HFZ,,,,,
A,p53,P04637,4HJE,ZN,ZINC ION,[Zn+2],Zn+2,63.92804504018
A,p53,P04637,4IBQ,ZN,ZINC ION,[Zn+2],Zn+2,63.92804504018
A,p53,P04637,4IBQ,ACT,ACETATE ION,CC(=O)[O-],C2H3O2-,59.01385291591001
A,p53,P04637,4IBQ,EDO,"1,2-ETHANEDIOL",C(CO)O,C2H6O2,62.036779432
A,p53,P04637,4IBS,ZN,ZINC ION,[Zn+2],Zn+2,63.92804504018
A,p53,P04637,4IBS,EDO,"1,2-ETHANEDIOL",C(CO)O,C2H6O2,62.036779432
A,p53,P04637,4IBT,ZN,ZINC ION,[Zn+2],Zn+2,63.92804504018
A,p53,P04637,4IBU,ZN,ZINC ION,[Zn+2],Zn+2,63.92804504018
A,p53,P04637,4IBU,EDO,"1,2-ETHANEDIOL",C(CO)O,C2H6O2,62.036779432
A,p53,P04637,4IBU,ACT,ACETATE ION,CC(=O)[O-],C2H3O2-,59.01385291591001
A,p53,P04637,4IBV,EDO,"1,2-ETHANEDIOL",C(CO)O,C2H6O2,62.036779432
A,p53,P04637,4IBV,ZN,ZINC ION,[Zn+2],Zn+2,63.92804504018
A,p53,P04637,4IBW,ZN,ZINC ION,[Zn+2],Zn+2,63.92804504018
A,p53,P04637,4IBW,EDO,"1,2-ETHANEDIOL",C(CO)O,C2H6O2,62.036779432
A,p53,P04637,4IBY,ZN,ZINC ION,[Zn+2],Zn+2,63.92804504018
A,p53,P04637,4IBY,EDO,"1,2-ETHANEDIOL",C(CO)O,C2H6O2,62.036779432
A,p53,P04637,4IBZ,ZN,ZINC ION,[Zn+2],Zn+2,63.92804504018
A,p53,P04637,4IBZ,EDO,"1,2-ETHANEDIOL",C(CO)O,C2H6O2,62.036779432
A,p53,P04637,4IBZ,ACT,ACETATE ION,CC(=O)[O-],C2H3O2-,59.01385291591001
A,p53,P04637,4IJT,ZN,ZINC ION,[Zn+2],Zn+2,63.92804504018
A,p53,P04637,4IJT,DTT,"2,3-DIHYDROXY-1,4-DITHIOBUTANE",C([C@@H]([C@H](CS)O)O)S,C4H10O2S2,154.01222156
A,p53,P04637,4IJT,EDO,"1,2-ETHANEDIOL",C(CO)O,C2H6O2,62.036779432
A,p53,P04637,4KVP,ZN,ZINC ION,[Zn+2],Zn+2,63.92804504018
A,p53,P04637,4LO9,ZN,ZINC ION,[Zn+2],Zn+2,63.92804504018
A,p53,P04637,4LOE,ZN,ZINC ION,[Zn+2],Zn+2,63.92804504018
A,p53,P04637,4LOF,ZN,ZINC ION,[Zn+2],Zn+2,63.92804504018
A,p53,P04637,4MZI,ZN,ZINC ION,[Zn+2],Zn+2,63.92804504018
A,p53,P04637,4MZR,ZN,ZINC ION,[Zn+2],Zn+2,63.92804504018
A,p53,P04637,4QO1,ZN,ZINC ION,[Zn+2],Zn+2,63.92804504018
A,p53,P04637,4RP6,,,,,
A,p53,P04637,4RP7,ZN,ZINC ION,[Zn+2],Zn+2,63.92804504018
A,p53,P04637,4X34,,,,,
A,p53,P04637,4XR8,PEG,DI(HYDROXYETHYL)ETHER,C(COCCO)O,C4H10O3,106.06299418
A,p53,P04637,4XR8,ZN,ZINC ION,[Zn+2],Zn+2,63.92804504018
A,p53,P04637,4XR8,EDO,"1,2-ETHANEDIOL",C(CO)O,C2H6O2,62.036779432
A,p53,P04637,4ZZJ,CNA,CARBA-NICOTINAMIDE-ADENINE-DINUCLEOTIDE,c1cc(c[n+](c1)[C@@H]2C[C@@H]([C@H]([C@H]2O)O)COP(=O)(O)OP(=O)(O)OC[C@@H]3[C@H]([C@H]([C@@H](O3)n4cnc5c4ncnc5N)O)O)C(=O)N,C22H30N7O13P2+,662.1371337000901
A,p53,P04637,4ZZJ,GOL,GLYCEROL,C(C(CO)O)O,C3H8O3,92.047344116
A,p53,P04637,5A7B,ZN,ZINC ION,[Zn+2],Zn+2,63.92804504018
A,p53,P04637,5A7B,KMN,2-[[4-(diethylamino)piperidin-1-yl]methyl]-6-ethynyl-4-(3-phenoxyprop-1-ynyl)phenol,CCN(CC)C1CCN(CC1)Cc2cc(cc(c2O)C#C)C#CCOc3ccccc3,C27H32N2O2,416.24637826399993
A,p53,P04637,5AB9,ZN,ZINC ION,[Zn+2],Zn+2,63.92804504018
A,p53,P04637,5AB9,PEG,DI(HYDROXYETHYL)ETHER,C(COCCO)O,C4H10O3,106.06299418
A,p53,P04637,5AB9,92O,7-ethyl-3-(piperidin-4-yl)-1H-indole,CCc1cccc2c1[nH]cc2C3CCNCC3,C15H20N2,228.16264864
A,p53,P04637,5ABA,ZN,ZINC ION,[Zn+2],Zn+2,63.92804504018
A,p53,P04637,5ABA,UL7,1-{1-[(3-bromo-5-chloro-2-hydroxyphenyl)methyl piperidin-4-yl}piperidin-4-ol],c1c(cc(c(c1CN2CCC(CC2)N3CCC(CC3)O)O)Br)Cl,C17H24BrClN2O2,402.070967788
A,p53,P04637,5AOI,ZN,ZINC ION,[Zn+2],Zn+2,63.92804504018
A,p53,P04637,5AOI,PEG,DI(HYDROXYETHYL)ETHER,C(COCCO)O,C4H10O3,106.06299418
A,p53,P04637,5AOI,RZH,2-(5-BROMO-7-ETHYL-2-METHYL-1H-INDOLE-3-YL)ETHAN-1-AMIN,CCc1cc(cc2c1[nH]c(c2CCN)C)Br,C13H17BrN2,280.057510644
A,p53,P04637,5AOJ,Y0V,"2-hydroxy-3,5-diiodo-4-(1H-pyrrol-1-yl)benzoic acid",c1ccn(c1)c2c(cc(c(c2I)O)C(=O)O)I,C11H7I2NO3,454.85153908399997
A,p53,P04637,5AOJ,ZN,ZINC ION,[Zn+2],Zn+2,63.92804504018
A,p53,P04637,5AOJ,PEG,DI(HYDROXYETHYL)ETHER,C(COCCO)O,C4H10O3,106.06299418
A,p53,P04637,5AOK,ZN,ZINC ION,[Zn+2],Zn+2,63.92804504018
A,p53,P04637,5AOK,GOL,GLYCEROL,C(C(CO)O)O,C3H8O3,92.047344116
A,p53,P04637,5AOK,GOH,"5-[2-cyclopropyl-5-(1H-pyrrol-1-yl)-1,3-oxazol-4-yl]-1H-1,2,3,4-tetrazole",c1ccn(c1)c2c(nc(o2)C3CC3)c4[nH]nnn4,C11H10N6O,242.09160894
A,p53,P04637,5AOK,PEG,DI(HYDROXYETHYL)ETHER,C(COCCO)O,C4H10O3,106.06299418
A,p53,P04637,5AOL,UFV,"3-BROMO-5-(TRIFLUOROMETHYL)BENZENE-1,2-DIAMINE",c1c(cc(c(c1N)N)Br)C(F)(F)F,C7H6BrF3N2,253.966644952
A,p53,P04637,5AOL,ZN,ZINC ION,[Zn+2],Zn+2,63.92804504018
A,p53,P04637,5AOM,FY8,N-(5-chloranyl-2-oxidanyl-phenyl)piperidine-4-carboxamide,c1cc(c(cc1Cl)NC(=O)C2CCNCC2)O,C12H15ClN2O2,254.0822054
A,p53,P04637,5AOM,GOL,GLYCEROL,C(C(CO)O)O,C3H8O3,92.047344116
A,p53,P04637,5AOM,ZN,ZINC ION,[Zn+2],Zn+2,63.92804504018
A,p53,P04637,5BUA,ZN,ZINC ION,[Zn+2],Zn+2,63.92804504018
A,p53,P04637,5ECG,ZN,ZINC ION,[Zn+2],Zn+2,63.92804504018
A,p53,P04637,5G4M,ZN,ZINC ION,[Zn+2],Zn+2,63.92804504018
A,p53,P04637,5G4M,O82,1-[9-(2-fluoroethyl)-9H-carbazol-3-yl]-N-methylmethanamine,CNCc1ccc2c(c1)c3ccccc3n2CCF,C16H17FN2,256.137576764
A,p53,P04637,5G4M,GOL,GLYCEROL,C(C(CO)O)O,C3H8O3,92.047344116
A,p53,P04637,5G4M,EDO,"1,2-ETHANEDIOL",C(CO)O,C2H6O2,62.036779432
A,p53,P04637,5G4N,ZN,ZINC ION,[Zn+2],Zn+2,63.92804504018
A,p53,P04637,5G4N,O83,"1-[9-(2,2-difluoroethyl)-9H-carbazol-3-yl]-N-methylmethanamine",CNCc1ccc2c(c1)c3ccccc3n2CC(F)F,C16H16F2N2,274.128154952
A,p53,P04637,5G4N,GOL,GLYCEROL,C(C(CO)O)O,C3H8O3,92.047344116
A,p53,P04637,5G4O,ZN,ZINC ION,[Zn+2],Zn+2,63.92804504018
A,p53,P04637,5G4O,O80,"N,N-dimethyl-1-[9-(2,2,2-trifluoroethyl)-9H-carbazol-3-yl]methanamine",CN(C)Cc1ccc2c(c1)c3ccccc3n2CC(F)(F)F,C17H17F3N2,306.134383204
A,p53,P04637,5HOU,ZN,ZINC ION,[Zn+2],Zn+2,63.92804504018
A,p53,P04637,5HP0,ZN,ZINC ION,[Zn+2],Zn+2,63.92804504018
A,p53,P04637,5HPD,ZN,ZINC ION,[Zn+2],Zn+2,63.92804504018
A,p53,P04637,5LAP,ZN,ZINC ION,[Zn+2],Zn+2,63.92804504018
A,p53,P04637,5LAP,6SM,5-chloranylpyrimidine-4-carboxylic acid,c1c(c(ncn1)C(=O)O)Cl,C5H3ClN2O2,157.988305016
A,p53,P04637,5LGY,ZN,ZINC ION,[Zn+2],Zn+2,63.92804504018
A,p53,P04637,5MCT,ZN,ZINC ION,[Zn+2],Zn+2,63.92804504018
A,p53,P04637,5MCT,EDO,"1,2-ETHANEDIOL",C(CO)O,C2H6O2,62.036779432
A,p53,P04637,5MCT,FOR,FORMYL GROUP,C=O,CH2O,30.010564684
A,p53,P04637,5MCU,ZN,ZINC ION,[Zn+2],Zn+2,63.92804504018
A,p53,P04637,5MCU,EDO,"1,2-ETHANEDIOL",C(CO)O,C2H6O2,62.036779432
A,p53,P04637,5MCV,ZN,ZINC ION,[Zn+2],Zn+2,63.92804504018
A,p53,P04637,5MCV,EDO,"1,2-ETHANEDIOL",C(CO)O,C2H6O2,62.036779432
A,p53,P04637,5MCV,ACT,ACETATE ION,CC(=O)[O-],C2H3O2-,59.01385291591001
A,p53,P04637,5MCW,ZN,ZINC ION,[Zn+2],Zn+2,63.92804504018
A,p53,P04637,5MCW,FOR,FORMYL GROUP,C=O,CH2O,30.010564684
A,p53,P04637,5MF7,ZN,ZINC ION,[Zn+2],Zn+2,63.92804504018
A,p53,P04637,5MG7,ZN,ZINC ION,[Zn+2],Zn+2,63.92804504018
A,p53,P04637,5MHC,,,,,
A,p53,P04637,5MOC,MG,MAGNESIUM ION,[Mg+2],Mg+2,23.98394454018
A,p53,P04637,5O1A,ZN,ZINC ION,[Zn+2],Zn+2,63.92804504018
A,p53,P04637,5O1A,9H5,"[3,5-bis(iodanyl)-2-oxidanyl-4-pyrrol-1-yl-phenyl]-(4-methylpiperazin-1-yl)methanone",CN1CCN(CC1)C(=O)c2cc(c(c(c2O)I)n3cccc3)I,C16H17I2N3O2,536.9410227840001
A,p53,P04637,5O1A,GOL,GLYCEROL,C(C(CO)O)O,C3H8O3,92.047344116
A,p53,P04637,5O1B,ZN,ZINC ION,[Zn+2],Zn+2,63.92804504018
A,p53,P04637,5O1B,9H2,"6-(hydroxymethyl)-2,4-bis(iodanyl)-3-pyrrol-1-yl-phenol",c1ccn(c1)c2c(cc(c(c2I)O)CO)I,C11H9I2NO2,440.872274528
A,p53,P04637,5O1B,GOL,GLYCEROL,C(C(CO)O)O,C3H8O3,92.047344116
A,p53,P04637,5O1C,ZN,ZINC ION,[Zn+2],Zn+2,63.92804504018
A,p53,P04637,5O1C,9GZ,5-(4-fluorophenyl)-3-iodanyl-2-oxidanyl-4-pyrrol-1-yl-benzoic acid,c1ccn(c1)c2c(cc(c(c2I)O)C(=O)O)c3ccc(cc3)F,C17H11FINO3,422.97676943199997
A,p53,P04637,5O1D,ZN,ZINC ION,[Zn+2],Zn+2,63.92804504018
A,p53,P04637,5O1D,9GW,3-iodanyl-2-oxidanyl-5-propoxy-4-pyrrol-1-yl-benzoic acid,CCCOc1cc(c(c(c1n2cccc2)I)O)C(=O)O,C14H14INO4,386.9967559279999
A,p53,P04637,5O1D,GOL,GLYCEROL,C(C(CO)O)O,C3H8O3,92.047344116
A,p53,P04637,5O1E,ZN,ZINC ION,[Zn+2],Zn+2,63.92804504018
A,p53,P04637,5O1E,9GT,3-iodanyl-2-oxidanyl-5-prop-2-enoxy-4-pyrrol-1-yl-benzoic acid,C=CCOc1cc(c(c(c1n2cccc2)I)O)C(=O)O,C14H12INO4,384.9811058639999
A,p53,P04637,5O1E,GOL,GLYCEROL,C(C(CO)O)O,C3H8O3,92.047344116
A,p53,P04637,5O1F,ZN,ZINC ION,[Zn+2],Zn+2,63.92804504018
A,p53,P04637,5O1F,9GQ,5-butoxy-3-iodanyl-2-oxidanyl-4-pyrrol-1-yl-benzoic acid,CCCCOc1cc(c(c(c1n2cccc2)I)O)C(=O)O,C15H16INO4,401.0124059919999
A,p53,P04637,5O1G,ZN,ZINC ION,[Zn+2],Zn+2,63.92804504018
A,p53,P04637,5O1G,9GK,3-iodanyl-2-oxidanyl-5-(2-phenylethoxy)-4-pyrrol-1-yl-benzoic acid,c1ccc(cc1)CCOc2cc(c(c(c2n3cccc3)I)O)C(=O)O,C19H16INO4,449.0124059919999
A,p53,P04637,5O1G,GOL,GLYCEROL,C(C(CO)O)O,C3H8O3,92.047344116
A,p53,P04637,5O1H,ZN,ZINC ION,[Zn+2],Zn+2,63.92804504018
A,p53,P04637,5O1H,9GN,3-iodanyl-2-oxidanyl-5-propylsulfanyl-4-pyrrol-1-yl-benzoic acid,CCCSc1cc(c(c(c1n2cccc2)I)O)C(=O)O,C14H14INO3S,402.9739123079999
A,p53,P04637,5O1H,GOL,GLYCEROL,C(C(CO)O)O,C3H8O3,92.047344116
A,p53,P04637,5O1I,ZN,ZINC ION,[Zn+2],Zn+2,63.92804504018
A,p53,P04637,5O1I,9GH,"2-(diethylamino)-6-iodanyl-5-oxidanyl-7-pyrrol-1-yl-1,3-benzothiazole-4-carboxylic acid",CCN(CC)c1nc2c(c(c(c(c2s1)n3cccc3)I)O)C(=O)O,C16H16IN3O3S,456.9957103719999
A,p53,P04637,5O1I,EDO,"1,2-ETHANEDIOL",C(CO)O,C2H6O2,62.036779432
A,p53,P04637,5O1I,GOL,GLYCEROL,C(C(CO)O)O,C3H8O3,92.047344116
A,p53,P04637,5OL0,,,,,
A,p53,P04637,5UN8,NAG,2-acetamido-2-deoxy-beta-D-glucopyranose,CC(=O)N[C@@H]1[C@H]([C@@H]([C@H](O[C@H]1O)CO)O)O,C8H15NO6,221.0899372
A,p53,P04637,5XZC,,,,,
A,p53,P04637,6FF9,ZN,ZINC ION,[Zn+2],Zn+2,63.92804504018
A,p53,P04637,6FJ5,ZN,ZINC ION,[Zn+2],Zn+2,63.92804504018
A,p53,P04637,6FJ5,EDO,"1,2-ETHANEDIOL",C(CO)O,C2H6O2,62.036779432
A,p53,P04637,6GGA,EY2,(7-bromanyl-9-ethyl-carbazol-3-yl)methyl-methyl-azanium,CCn1c2ccc(cc2c3c1cc(cc3)Br)C[NH2+]C,C16H18BrN2+,317.06478709609
A,p53,P04637,6GGA,ZN,ZINC ION,[Zn+2],Zn+2,63.92804504018
A,p53,P04637,6GGB,ZN,ZINC ION,[Zn+2],Zn+2,63.92804504018
A,p53,P04637,6GGB,EXQ,[9-ethyl-7-(4-methylthiophen-2-yl)carbazol-3-yl]methyl-methyl-azanium,CCn1c2ccc(cc2c3c1cc(cc3)c4cc(cs4)C)C[NH2+]C,C21H23N2S+,335.15764615609004
A,p53,P04637,6GGB,EDO,"1,2-ETHANEDIOL",C(CO)O,C2H6O2,62.036779432
A,p53,P04637,6GGB,GOL,GLYCEROL,C(C(CO)O)O,C3H8O3,92.047344116
A,p53,P04637,6GGB,EPE,4-(2-HYDROXYETHYL)-1-PIPERAZINE ETHANESULFONIC ACID,C1CN(CCN1CCO)CCS(=O)(=O)O,C8H18N2O4S,238.098728056
A,p53,P04637,6GGC,ZN,ZINC ION,[Zn+2],Zn+2,63.92804504018
A,p53,P04637,6GGC,EXN,[9-ethyl-7-(furan-2-yl)carbazol-3-yl]methyl-methyl-azanium,CCn1c2ccc(cc2c3c1cc(cc3)c4ccco4)C[NH2+]C,C20H21N2O+,305.16483971209004
A,p53,P04637,6GGC,EDO,"1,2-ETHANEDIOL",C(CO)O,C2H6O2,62.036779432
A,p53,P04637,6GGC,GOL,GLYCEROL,C(C(CO)O)O,C3H8O3,92.047344116
A,p53,P04637,6GGD,ZN,ZINC ION,[Zn+2],Zn+2,63.92804504018
A,p53,P04637,6GGD,EYB,"[9-ethyl-7-(1,2-oxazol-4-yl)carbazol-3-yl]methyl-methyl-azanium",CCn1c2ccc(cc2c3c1cc(cc3)c4cnoc4)C[NH2+]C,C19H20N3O+,306.16008868009
A,p53,P04637,6GGD,GOL,GLYCEROL,C(C(CO)O)O,C3H8O3,92.047344116
A,p53,P04637,6GGE,ZN,ZINC ION,[Zn+2],Zn+2,63.92804504018
A,p53,P04637,6GGE,EYE,[9-ethyl-7-(5-methylthiophen-2-yl)carbazol-3-yl]methyl-methyl-azanium,CCn1c2ccc(cc2c3c1cc(cc3)c4ccc(s4)C)C[NH2+]C,C21H23N2S+,335.15764615609004
A,p53,P04637,6GGF,ZN,ZINC ION,[Zn+2],Zn+2,63.92804504018
A,p53,P04637,6GGF,EXQ,[9-ethyl-7-(4-methylthiophen-2-yl)carbazol-3-yl]methyl-methyl-azanium,CCn1c2ccc(cc2c3c1cc(cc3)c4cc(cs4)C)C[NH2+]C,C21H23N2S+,335.15764615609004
A,p53,P04637,6GGF,GOL,GLYCEROL,C(C(CO)O)O,C3H8O3,92.047344116
A,p53,P04637,6LHD,ZN,ZINC ION,[Zn+2],Zn+2,63.92804504018
A,p53,P04637,6R5L,,,,,
A,p53,P04637,6RJZ,,,,,
A,p53,P04637,6RK8,,,,,
A,p53,P04637,6RKI,,,,,
A,p53,P04637,6RKK,K6W,4-phenyl-5-(phenylmethyl)thiophene-2-carboximidamide,[H]/N=C(/c1cc(c(s1)Cc2ccccc2)c3ccccc3)\N,C18H16N2S,292.1034195120001
A,p53,P04637,6RKM,,,,,
A,p53,P04637,6RL3,,,,,
A,p53,P04637,6RL4,,,,,
A,p53,P04637,6RL6,,,,,
A,p53,P04637,6RM5,,,,,
A,p53,P04637,6RM7,,,,,
A,p53,P04637,6RWH,MG,MAGNESIUM ION,[Mg+2],Mg+2,23.98394454018
A,p53,P04637,6RWI,MG,MAGNESIUM ION,[Mg+2],Mg+2,23.98394454018
A,p53,P04637,6RWS,,,,,
A,p53,P04637,6RWU,,,,,
A,p53,P04637,6RX2,,,,,
A,p53,P04637,6RZ3,ZN,ZINC ION,[Zn+2],Zn+2,63.92804504018
A,p53,P04637,6S39,,,,,
A,p53,P04637,6S3C,,,,,
A,p53,P04637,6S40,,,,,
A,p53,P04637,6S9Q,,,,,
A,p53,P04637,6SHZ,EDO,"1,2-ETHANEDIOL",C(CO)O,C2H6O2,62.036779432
A,p53,P04637,6SHZ,ZN,ZINC ION,[Zn+2],Zn+2,63.92804504018
A,p53,P04637,6SHZ,GOL,GLYCEROL,C(C(CO)O)O,C3H8O3,92.047344116
A,p53,P04637,6SI0,ZN,ZINC ION,[Zn+2],Zn+2,63.92804504018
A,p53,P04637,6SI0,LEK,"1-[9-ethyl-7-(1,3-thiazol-4-yl)carbazol-3-yl]-~{N}-methyl-methanamine",CCn1c2ccc(cc2c3c1cc(cc3)c4cscn4)CNC,C19H19N3S,321.12996860800007
A,p53,P04637,6SI0,EDO,"1,2-ETHANEDIOL",C(CO)O,C2H6O2,62.036779432
A,p53,P04637,6SI0,GOL,GLYCEROL,C(C(CO)O)O,C3H8O3,92.047344116
A,p53,P04637,6SI0,EPE,4-(2-HYDROXYETHYL)-1-PIPERAZINE ETHANESULFONIC ACID,C1CN(CCN1CCO)CCS(=O)(=O)O,C8H18N2O4S,238.098728056
A,p53,P04637,6SI1,ZN,ZINC ION,[Zn+2],Zn+2,63.92804504018
A,p53,P04637,6SI1,EDO,"1,2-ETHANEDIOL",C(CO)O,C2H6O2,62.036779432
A,p53,P04637,6SI1,GOL,GLYCEROL,C(C(CO)O)O,C3H8O3,92.047344116
A,p53,P04637,6SI1,EPE,4-(2-HYDROXYETHYL)-1-PIPERAZINE ETHANESULFONIC ACID,C1CN(CCN1CCO)CCS(=O)(=O)O,C8H18N2O4S,238.098728056
A,p53,P04637,6SI2,ZN,ZINC ION,[Zn+2],Zn+2,63.92804504018
A,p53,P04637,6SI2,EDO,"1,2-ETHANEDIOL",C(CO)O,C2H6O2,62.036779432
A,p53,P04637,6SI2,GOL,GLYCEROL,C(C(CO)O)O,C3H8O3,92.047344116
A,p53,P04637,6SI3,ZN,ZINC ION,[Zn+2],Zn+2,63.92804504018
A,p53,P04637,6SI3,LEB,"1-[7-bromanyl-9-[2,2,2-tris(fluoranyl)ethyl]carbazol-3-yl]-~{N}-methyl-methanamine",CNCc1ccc2c(c1)c3ccc(cc3n2CC(F)(F)F)Br,C16H14BrF3N2,370.02924520799996
A,p53,P04637,6SI3,EDO,"1,2-ETHANEDIOL",C(CO)O,C2H6O2,62.036779432
A,p53,P04637,6SI3,GOL,GLYCEROL,C(C(CO)O)O,C3H8O3,92.047344116
A,p53,P04637,6SI4,ZN,ZINC ION,[Zn+2],Zn+2,63.92804504018
A,p53,P04637,6SI4,LEK,"1-[9-ethyl-7-(1,3-thiazol-4-yl)carbazol-3-yl]-~{N}-methyl-methanamine",CCn1c2ccc(cc2c3c1cc(cc3)c4cscn4)CNC,C19H19N3S,321.12996860800007
A,p53,P04637,6SI4,GOL,GLYCEROL,C(C(CO)O)O,C3H8O3,92.047344116
A,p53,P04637,6SIN,,,,,
A,p53,P04637,6SIO,,,,,
A,p53,P04637,6SIP,,,,,
A,p53,P04637,6SIQ,,,,,
A,p53,P04637,6SL6,GOL,GLYCEROL,C(C(CO)O)O,C3H8O3,92.047344116
A,p53,P04637,6SL6,ZN,ZINC ION,[Zn+2],Zn+2,63.92804504018
A,p53,P04637,6SLV,LJW,4-(methylamino)-7-propan-2-yloxy-1-benzothiophene-2-carboximidamide,[H]/N=C(\c1cc2c(ccc(c2s1)OC(C)C)NC)/N,C13H17N3OS,263.109233164
A,p53,P04637,6T58,GOL,GLYCEROL,C(C(CO)O)O,C3H8O3,92.047344116
A,p53,P04637,6T58,CA,CALCIUM ION,[Ca+2],Ca+2,39.96149382018
A,p53,P04637,6V4F,,,,,
A,p53,P04637,6V4H,,,,,
A,p53,P04637,6VQO,,,,,
A,p53,P04637,6VR1,,,,,
A,p53,P04637,6VR5,,,,,
A,p53,P04637,6VRM,,,,,
A,p53,P04637,6VRN,,,,,
A,p53,P04637,6W51,,,,,
A,p53,P04637,6XRE,,,,,
A,p53,P04637,6ZNC,ZN,ZINC ION,[Zn+2],Zn+2,63.92804504018
A,p53,P04637,6ZNC,QNN,(2~{S})-2-methyl-1-azabicyclo[2.2.2]octan-3-one,C[C@H]1C(=O)C2CCN1CC2,C8H13NO,139.099714036
A,p53,P04637,6ZNC,QN8,(2~{R})-2-methyl-1-azabicyclo[2.2.2]octan-3-one,C[C@@H]1C(=O)C2CCN1CC2,C8H13NO,139.099714036
A,p53,P04637,7B46,ZN,ZINC ION,[Zn+2],Zn+2,63.92804504018
A,p53,P04637,7B46,QN8,(2~{R})-2-methyl-1-azabicyclo[2.2.2]octan-3-one,C[C@@H]1C(=O)C2CCN1CC2,C8H13NO,139.099714036
A,p53,P04637,7B46,ACT,ACETATE ION,CC(=O)[O-],C2H3O2-,59.01385291591001
A,p53,P04637,7B46,QNN,(2~{S})-2-methyl-1-azabicyclo[2.2.2]octan-3-one,C[C@H]1C(=O)C2CCN1CC2,C8H13NO,139.099714036
A,p53,P04637,7B47,ZN,ZINC ION,[Zn+2],Zn+2,63.92804504018
A,p53,P04637,7B47,QN8,(2~{R})-2-methyl-1-azabicyclo[2.2.2]octan-3-one,C[C@@H]1C(=O)C2CCN1CC2,C8H13NO,139.099714036
A,p53,P04637,7B47,QNN,(2~{S})-2-methyl-1-azabicyclo[2.2.2]octan-3-one,C[C@H]1C(=O)C2CCN1CC2,C8H13NO,139.099714036
A,p53,P04637,7B48,ZN,ZINC ION,[Zn+2],Zn+2,63.92804504018
A,p53,P04637,7B48,QNN,(2~{S})-2-methyl-1-azabicyclo[2.2.2]octan-3-one,C[C@H]1C(=O)C2CCN1CC2,C8H13NO,139.099714036
A,p53,P04637,7B48,EDO,"1,2-ETHANEDIOL",C(CO)O,C2H6O2,62.036779432
A,p53,P04637,7B48,ACT,ACETATE ION,CC(=O)[O-],C2H3O2-,59.01385291591001
A,p53,P04637,7B48,PEG,DI(HYDROXYETHYL)ETHER,C(COCCO)O,C4H10O3,106.06299418
A,p53,P04637,7B49,ZN,ZINC ION,[Zn+2],Zn+2,63.92804504018
A,p53,P04637,7B49,QN8,(2~{R})-2-methyl-1-azabicyclo[2.2.2]octan-3-one,C[C@@H]1C(=O)C2CCN1CC2,C8H13NO,139.099714036
A,p53,P04637,7B49,QNN,(2~{S})-2-methyl-1-azabicyclo[2.2.2]octan-3-one,C[C@H]1C(=O)C2CCN1CC2,C8H13NO,139.099714036
A,p53,P04637,7B49,FMT,FORMIC ACID,C(=O)O,CH2O2,46.005479304
A,p53,P04637,7B49,ACT,ACETATE ION,CC(=O)[O-],C2H3O2-,59.01385291591001
A,p53,P04637,7B49,EDO,"1,2-ETHANEDIOL",C(CO)O,C2H6O2,62.036779432
A,p53,P04637,7B4A,ZN,ZINC ION,[Zn+2],Zn+2,63.92804504018
A,p53,P04637,7B4A,FMT,FORMIC ACID,C(=O)O,CH2O2,46.005479304
A,p53,P04637,7B4B,ZN,ZINC ION,[Zn+2],Zn+2,63.92804504018
A,p53,P04637,7B4B,QN8,(2~{R})-2-methyl-1-azabicyclo[2.2.2]octan-3-one,C[C@@H]1C(=O)C2CCN1CC2,C8H13NO,139.099714036
A,p53,P04637,7B4B,QNN,(2~{S})-2-methyl-1-azabicyclo[2.2.2]octan-3-one,C[C@H]1C(=O)C2CCN1CC2,C8H13NO,139.099714036
A,p53,P04637,7B4B,EDO,"1,2-ETHANEDIOL",C(CO)O,C2H6O2,62.036779432
A,p53,P04637,7B4B,PEG,DI(HYDROXYETHYL)ETHER,C(COCCO)O,C4H10O3,106.06299418
A,p53,P04637,7B4C,ZN,ZINC ION,[Zn+2],Zn+2,63.92804504018
A,p53,P04637,7B4C,QNN,(2~{S})-2-methyl-1-azabicyclo[2.2.2]octan-3-one,C[C@H]1C(=O)C2CCN1CC2,C8H13NO,139.099714036
A,p53,P04637,7B4C,EDO,"1,2-ETHANEDIOL",C(CO)O,C2H6O2,62.036779432
A,p53,P04637,7B4C,QN8,(2~{R})-2-methyl-1-azabicyclo[2.2.2]octan-3-one,C[C@@H]1C(=O)C2CCN1CC2,C8H13NO,139.099714036
A,p53,P04637,7B4C,PEG,DI(HYDROXYETHYL)ETHER,C(COCCO)O,C4H10O3,106.06299418
A,p53,P04637,7B4D,ZN,ZINC ION,[Zn+2],Zn+2,63.92804504018
A,p53,P04637,7B4D,QNN,(2~{S})-2-methyl-1-azabicyclo[2.2.2]octan-3-one,C[C@H]1C(=O)C2CCN1CC2,C8H13NO,139.099714036
A,p53,P04637,7B4D,QN8,(2~{R})-2-methyl-1-azabicyclo[2.2.2]octan-3-one,C[C@@H]1C(=O)C2CCN1CC2,C8H13NO,139.099714036
A,p53,P04637,7B4D,FMT,FORMIC ACID,C(=O)O,CH2O2,46.005479304
A,p53,P04637,7B4E,ZN,ZINC ION,[Zn+2],Zn+2,63.92804504018
A,p53,P04637,7B4E,QN8,(2~{R})-2-methyl-1-azabicyclo[2.2.2]octan-3-one,C[C@@H]1C(=O)C2CCN1CC2,C8H13NO,139.099714036
A,p53,P04637,7B4E,QNN,(2~{S})-2-methyl-1-azabicyclo[2.2.2]octan-3-one,C[C@H]1C(=O)C2CCN1CC2,C8H13NO,139.099714036
A,p53,P04637,7B4E,PG4,TETRAETHYLENE GLYCOL,C(COCCOCCOCCO)O,C8H18O5,194.115423676
A,p53,P04637,7B4E,EDO,"1,2-ETHANEDIOL",C(CO)O,C2H6O2,62.036779432
A,p53,P04637,7B4F,ZN,ZINC ION,[Zn+2],Zn+2,63.92804504018
A,p53,P04637,7B4F,FMT,FORMIC ACID,C(=O)O,CH2O2,46.005479304
A,p53,P04637,7B4G,ZN,ZINC ION,[Zn+2],Zn+2,63.92804504018
A,p53,P04637,7B4G,EDO,"1,2-ETHANEDIOL",C(CO)O,C2H6O2,62.036779432
A,p53,P04637,7B4G,PEG,DI(HYDROXYETHYL)ETHER,C(COCCO)O,C4H10O3,106.06299418
A,p53,P04637,7B4H,ZN,ZINC ION,[Zn+2],Zn+2,63.92804504018
A,p53,P04637,7B4H,ACT,ACETATE ION,CC(=O)[O-],C2H3O2-,59.01385291591001
A,p53,P04637,7B4H,EDO,"1,2-ETHANEDIOL",C(CO)O,C2H6O2,62.036779432
A,p53,P04637,7B4H,QN8,(2~{R})-2-methyl-1-azabicyclo[2.2.2]octan-3-one,C[C@@H]1C(=O)C2CCN1CC2,C8H13NO,139.099714036
A,p53,P04637,7B4H,QNN,(2~{S})-2-methyl-1-azabicyclo[2.2.2]octan-3-one,C[C@H]1C(=O)C2CCN1CC2,C8H13NO,139.099714036
A,p53,P04637,7B4H,FMT,FORMIC ACID,C(=O)O,CH2O2,46.005479304
A,p53,P04637,7B4N,ZN,ZINC ION,[Zn+2],Zn+2,63.92804504018
A,p53,P04637,7B4N,QN8,(2~{R})-2-methyl-1-azabicyclo[2.2.2]octan-3-one,C[C@@H]1C(=O)C2CCN1CC2,C8H13NO,139.099714036
A,p53,P04637,7B4N,QNN,(2~{S})-2-methyl-1-azabicyclo[2.2.2]octan-3-one,C[C@H]1C(=O)C2CCN1CC2,C8H13NO,139.099714036
A,p53,P04637,7B4N,FMT,FORMIC ACID,C(=O)O,CH2O2,46.005479304
A,p53,P04637,7BWN,,,,,
A,p53,P04637,7DHY,ARS,ARSENIC,[As],As,74.9215965
A,p53,P04637,7DHY,ZN,ZINC ION,[Zn+2],Zn+2,63.92804504018
A,p53,P04637,7DHY,GOL,GLYCEROL,C(C(CO)O)O,C3H8O3,92.047344116
A,p53,P04637,7DHY,SO4,SULFATE ION,[O-]S(=O)(=O)[O-],O4S-2,95.95282663982
A,p53,P04637,7DHZ,GOL,GLYCEROL,C(C(CO)O)O,C3H8O3,92.047344116
A,p53,P04637,7DHZ,ARS,ARSENIC,[As],As,74.9215965
A,p53,P04637,7DHZ,ZN,ZINC ION,[Zn+2],Zn+2,63.92804504018
A,p53,P04637,7DVD,ZN,ZINC ION,[Zn+2],Zn+2,63.92804504018
A,p53,P04637,7EAX,ZN,ZINC ION,[Zn+2],Zn+2,63.92804504018
A,p53,P04637,7EAX,SB,ANTIMONY (III) ION,[Sb+3],Sb+3,120.90216996027
A,p53,P04637,7EDS,ARS,ARSENIC,[As],As,74.9215965
A,p53,P04637,7EDS,ZN,ZINC ION,[Zn+2],Zn+2,63.92804504018
A,p53,P04637,7EEU,ARS,ARSENIC,[As],As,74.9215965
A,p53,P04637,7EEU,ZN,ZINC ION,[Zn+2],Zn+2,63.92804504018
A,p53,P04637,7EEU,PEG,DI(HYDROXYETHYL)ETHER,C(COCCO)O,C4H10O3,106.06299418
A,p53,P04637,7EL4,O4B,"1,4,7,10,13,16-HEXAOXACYCLOOCTADECANE",C1COCCOCCOCCOCCOCCO1,C12H24O6,264.157288488
A,p53,P04637,7EL4,MG,MAGNESIUM ION,[Mg+2],Mg+2,23.98394454018
A,p53,P04637,7NMI,,,,,
A,p53,P04637,7RM4,,,,,
A,p53,P04637,7V97,ARS,ARSENIC,[As],As,74.9215965
A,p53,P04637,7V97,ZN,ZINC ION,[Zn+2],Zn+2,63.92804504018
A,p53,P04637,7XZX,,,,,
A,p53,P04637,7XZZ,,,,,
A,p53,P04637,7YGI,NA,SODIUM ION,[Na+],Na+,22.98922070009
A,p53,P04637,7YGI,ZN,ZINC ION,[Zn+2],Zn+2,63.92804504018
A,p53,P04637,7YGI,K,POTASSIUM ION,[K+],K+,38.96315810009
A,p53,P04637,8A31,KV0,"4-(3-fluoranylpyrrol-1-yl)-3,5-bis(iodanyl)-2-oxidanyl-benzoic acid",c1cn(cc1F)c2c(cc(c(c2I)O)C(=O)O)I,C11H6FI2NO3,472.84211727199994
A,p53,P04637,8A31,ZN,ZINC ION,[Zn+2],Zn+2,63.92804504018
A,p53,P04637,8A31,GOL,GLYCEROL,C(C(CO)O)O,C3H8O3,92.047344116
A,p53,P04637,8A32,KVA,"4-[3,4-bis(fluoranyl)pyrrol-1-yl]-3,5-bis(iodanyl)-2-oxidanyl-benzoic acid",c1c(c(c(c(c1I)n2cc(c(c2)F)F)I)O)C(=O)O,C11H5F2I2NO3,490.83269545999997
A,p53,P04637,8A32,EDO,"1,2-ETHANEDIOL",C(CO)O,C2H6O2,62.036779432
A,p53,P04637,8A32,ZN,ZINC ION,[Zn+2],Zn+2,63.92804504018
A,p53,P04637,8A32,GOL,GLYCEROL,C(C(CO)O)O,C3H8O3,92.047344116
A,p53,P04637,8A92,LE9,4-bromanyl-5-(trifluoromethyl)-1H-pyrazol-3-amine,c1(c([nH]nc1N)C(F)(F)F)Br,C4H3BrF3N3,228.946243856
A,p53,P04637,8A92,EPE,4-(2-HYDROXYETHYL)-1-PIPERAZINE ETHANESULFONIC ACID,C1CN(CCN1CCO)CCS(=O)(=O)O,C8H18N2O4S,238.098728056
A,p53,P04637,8A92,ZN,ZINC ION,[Zn+2],Zn+2,63.92804504018
A,p53,P04637,8A92,PEG,DI(HYDROXYETHYL)ETHER,C(COCCO)O,C4H10O3,106.06299418
A,p53,P04637,8CG7,ZN,ZINC ION,[Zn+2],Zn+2,63.92804504018
A,p53,P04637,8CG7,A1IH3,5-iodanyl-2-methylsulfonyl-pyrimidine,CS(=O)(=O)c1ncc(cn1)I,C5H5IN2O2S,283.9116464
A,p53,P04637,8CG7,EDO,"1,2-ETHANEDIOL",C(CO)O,C2H6O2,62.036779432
A,p53,P04637,8DC4,ZN,ZINC ION,[Zn+2],Zn+2,63.92804504018
A,p53,P04637,8DC4,R3R,"9-propanoyl-9H-carbazole-3-carbaldehyde, bound form",CCC(=O)n1c2ccccc2c3c1ccc(c3)C=O,C16H13NO2,251.094628656
A,p53,P04637,8DC6,ZN,ZINC ION,[Zn+2],Zn+2,63.92804504018
A,p53,P04637,8DC6,SO4,SULFATE ION,[O-]S(=O)(=O)[O-],O4S-2,95.95282663982
A,p53,P04637,8DC6,R4F,"1-(2-methylprop-2-enoyl)-1H-indole-3-carbaldehyde, bound form",CC(C)C(=O)n1cc(c2c1cccc2)C=O,C13H13NO2,215.094628656
A,p53,P04637,8DC6,MG,MAGNESIUM ION,[Mg+2],Mg+2,23.98394454018
A,p53,P04637,8DC7,SO4,SULFATE ION,[O-]S(=O)(=O)[O-],O4S-2,95.95282663982
A,p53,P04637,8DC7,ZN,ZINC ION,[Zn+2],Zn+2,63.92804504018
A,p53,P04637,8DC7,MG,MAGNESIUM ION,[Mg+2],Mg+2,23.98394454018
A,p53,P04637,8DC7,R4R,"4-[4-(4-methylpiperazin-1-yl)phenyl]-1-(2-methylprop-2-enoyl)-1H-indole-3-carbaldehyde, bound form",CC(C)C(=O)n1cc(c2c1cccc2c3ccc(cc3)N4CCN(CC4)C)C=O,C24H27N3O2,389.21032710400004
A,p53,P04637,8DC8,R50,"2-methyl-1-[(4P)-3-methyl-4-(2-methyl-1,2,3,4-tetrahydroisoquinolin-6-yl)-1H-pyrrolo[2,3-c]pyridin-1-yl]prop-2-en-1-one, bound form",Cc1cn(c2c1c(cnc2)c3ccc4c(c3)CCN(C4)C)C(=O)C(C)C,C22H25N3O,347.19976242
A,p53,P04637,8DC8,SO4,SULFATE ION,[O-]S(=O)(=O)[O-],O4S-2,95.95282663982
A,p53,P04637,8DC8,ZN,ZINC ION,[Zn+2],Zn+2,63.92804504018
A,p53,P04637,8DC8,MG,MAGNESIUM ION,[Mg+2],Mg+2,23.98394454018
A,p53,P04637,8E7A,ZN,ZINC ION,[Zn+2],Zn+2,63.92804504018
A,p53,P04637,8E7B,ZN,ZINC ION,[Zn+2],Zn+2,63.92804504018
A,p53,P04637,8GCR,ZN,ZINC ION,[Zn+2],Zn+2,63.92804504018
A,p53,P04637,8HLL,ZN,ZINC ION,[Zn+2],Zn+2,63.92804504018
A,p53,P04637,8HLM,ZN,ZINC ION,[Zn+2],Zn+2,63.92804504018
A,p53,P04637,8HLN,ZN,ZINC ION,[Zn+2],Zn+2,63.92804504018
A,p53,P04637,8J8N,ZN,ZINC ION,[Zn+2],Zn+2,63.92804504018
A,p53,P04637,8OXM,ANP,PHOSPHOAMINOPHOSPHONIC ACID-ADENYLATE ESTER,c1nc(c2c(n1)n(cn2)[C@H]3[C@@H]([C@@H]([C@H](O3)CO[P@](=O)(O)O[P@@](=O)(NP(=O)(O)O)O)O)O)N,C10H17N6O12P3,506.0117298739999
A,p53,P04637,8OXO,ANP,PHOSPHOAMINOPHOSPHONIC ACID-ADENYLATE ESTER,c1nc(c2c(n1)n(cn2)[C@H]3[C@@H]([C@@H]([C@H](O3)CO[P@](=O)(O)O[P@@](=O)(NP(=O)(O)O)O)O)O)N,C10H17N6O12P3,506.0117298739999
A,p53,P04637,8QWK,ZN,ZINC ION,[Zn+2],Zn+2,63.92804504018
A,p53,P04637,8QWK,EDO,"1,2-ETHANEDIOL",C(CO)O,C2H6O2,62.036779432
A,p53,P04637,8QWL,ZN,ZINC ION,[Zn+2],Zn+2,63.92804504018
A,p53,P04637,8QWL,EDO,"1,2-ETHANEDIOL",C(CO)O,C2H6O2,62.036779432
A,p53,P04637,8QWL,MLI,MALONATE ION,C(C(=O)[O-])C(=O)[O-],C3H2O4-2,101.99640570382002
A,p53,P04637,8QWM,ZN,ZINC ION,[Zn+2],Zn+2,63.92804504018
A,p53,P04637,8QWM,TLA,L(+)-TARTARIC ACID,[C@@H]([C@H](C(=O)O)O)(C(=O)O)O,C4H6O6,150.01643791200001
A,p53,P04637,8QWM,EDO,"1,2-ETHANEDIOL",C(CO)O,C2H6O2,62.036779432
A,p53,P04637,8QWN,ZN,ZINC ION,[Zn+2],Zn+2,63.92804504018
A,p53,P04637,8QWN,EDO,"1,2-ETHANEDIOL",C(CO)O,C2H6O2,62.036779432
A,p53,P04637,8QWN,MG,MAGNESIUM ION,[Mg+2],Mg+2,23.98394454018
A,p53,P04637,8QWN,CL,CHLORIDE ION,[Cl-],Cl-,34.96940125991
A,p53,P04637,8QWO,ZN,ZINC ION,[Zn+2],Zn+2,63.92804504018
A,p53,P04637,8QWO,GOL,GLYCEROL,C(C(CO)O)O,C3H8O3,92.047344116
A,p53,P04637,8QWP,ZN,ZINC ION,[Zn+2],Zn+2,63.92804504018
A,p53,P04637,8QWP,TLA,L(+)-TARTARIC ACID,[C@@H]([C@H](C(=O)O)O)(C(=O)O)O,C4H6O6,150.01643791200001
A,p53,P04637,8QWP,EDO,"1,2-ETHANEDIOL",C(CO)O,C2H6O2,62.036779432
A,p53,P04637,8R1F,ZN,ZINC ION,[Zn+2],Zn+2,63.92804504018
A,p53,P04637,8R1G,ZN,ZINC ION,[Zn+2],Zn+2,63.92804504018
A,p53,P04637,8RBA,YLW,"2,5-bis(fluoranyl)pyridine-3-carbonitrile",c1c(cnc(c1C#N)F)F,C6H2F2N2,140.018604504
A,p53,P04637,8RBA,PEG,DI(HYDROXYETHYL)ETHER,C(COCCO)O,C4H10O3,106.06299418
A,p53,P04637,8RBA,EDO,"1,2-ETHANEDIOL",C(CO)O,C2H6O2,62.036779432
A,p53,P04637,8RBA,EPE,4-(2-HYDROXYETHYL)-1-PIPERAZINE ETHANESULFONIC ACID,C1CN(CCN1CCO)CCS(=O)(=O)O,C8H18N2O4S,238.098728056
A,p53,P04637,8RBA,ZN,ZINC ION,[Zn+2],Zn+2,63.92804504018
A,p53,P04637,8RBA,GOL,GLYCEROL,C(C(CO)O)O,C3H8O3,92.047344116
A,p53,P04637,8RBB,YLW,"2,5-bis(fluoranyl)pyridine-3-carbonitrile",c1c(cnc(c1C#N)F)F,C6H2F2N2,140.018604504
A,p53,P04637,8RBB,GOL,GLYCEROL,C(C(CO)O)O,C3H8O3,92.047344116
A,p53,P04637,8RBB,EDO,"1,2-ETHANEDIOL",C(CO)O,C2H6O2,62.036779432
A,p53,P04637,8RBB,EPE,4-(2-HYDROXYETHYL)-1-PIPERAZINE ETHANESULFONIC ACID,C1CN(CCN1CCO)CCS(=O)(=O)O,C8H18N2O4S,238.098728056
A,p53,P04637,8RBB,ZN,ZINC ION,[Zn+2],Zn+2,63.92804504018
A,p53,P04637,8RBC,YM0,"3-azanylpyrazine-2,6-dicarbonitrile",c1c(nc(c(n1)N)C#N)C#N,C6H3N5,145.038845096
A,p53,P04637,8RBC,EPE,4-(2-HYDROXYETHYL)-1-PIPERAZINE ETHANESULFONIC ACID,C1CN(CCN1CCO)CCS(=O)(=O)O,C8H18N2O4S,238.098728056
A,p53,P04637,8RBC,PEG,DI(HYDROXYETHYL)ETHER,C(COCCO)O,C4H10O3,106.06299418
A,p53,P04637,8RBC,ZN,ZINC ION,[Zn+2],Zn+2,63.92804504018
A,p53,P04637,8RCI,EDO,"1,2-ETHANEDIOL",C(CO)O,C2H6O2,62.036779432
A,p53,P04637,8RCI,ZN,ZINC ION,[Zn+2],Zn+2,63.92804504018
A,p53,P04637,8UQR,,,,,
A,p53,P04637,8WD2,PO4,PHOSPHATE ION,[O-]P(=O)([O-])[O-],O4P-3,94.95506584973
A,p53,P04637,8WD2,ZN,ZINC ION,[Zn+2],Zn+2,63.92804504018
A,p53,P04637,8WD2,EDO,"1,2-ETHANEDIOL",C(CO)O,C2H6O2,62.036779432
A,p53,P04637,8XP5,ZN,ZINC ION,[Zn+2],Zn+2,63.92804504018
A,p53,P04637,9BR3,A1ARO,"2-{3-[4-(methanesulfonyl)-2-methoxyanilino]prop-1-yn-1-yl}-N-(1-methylpiperidin-4-yl)-1-(2,2,2-trifluoroethyl)-1H-indol-4-amine",CN1CCC(CC1)Nc2cccc3c2cc(n3CC(F)(F)F)C#CCNc4ccc(cc4OC)S(=O)(=O)C,C27H31F3N4O3S,548.206896512
A,p53,P04637,9BR3,ZN,ZINC ION,[Zn+2],Zn+2,63.92804504018
A,p53,P04637,9BR4,A1ARZ,"2-methyl-2-{5-[(3-{4-[(1-methylpiperidin-4-yl)amino]-1-(2,2,2-trifluoroethyl)-1H-indol-2-yl}prop-2-yn-1-yl)amino]pyridin-2-yl}propanenitrile",CC(C)(C#N)c1ccc(cn1)NCC#Cc2cc3c(cccc3n2CC(F)(F)F)NC4CCN(CC4)C,C28H31F3N6,508.2562296520001
A,p53,P04637,9BR4,ZN,ZINC ION,[Zn+2],Zn+2,63.92804504018
A,p53,P04637,9BR4,CL,CHLORIDE ION,[Cl-],Cl-,34.96940125991
A,p53,P04637,9C5S,SO4,SULFATE ION,[O-]S(=O)(=O)[O-],O4S-2,95.95282663982
A,p53,P04637,9CHT,,,,,
A,p53,P04637,9FZB,EDO,"1,2-ETHANEDIOL",C(CO)O,C2H6O2,62.036779432
A,p53,P04637,9FZB,ZN,ZINC ION,[Zn+2],Zn+2,63.92804504018
M,DCAF1,Q9Y4B6,3WA0,,,,,
M,DCAF1,Q9Y4B6,4CC9,PG4,TETRAETHYLENE GLYCOL,C(COCCOCCOCCO)O,C8H18O5,194.115423676
M,DCAF1,Q9Y4B6,4P7I,,,,,
M,DCAF1,Q9Y4B6,4PXW,UNX,UNKNOWN ATOM OR ION,*,*,0.0
M,DCAF1,Q9Y4B6,4Z8L,,,,,
M,DCAF1,Q9Y4B6,5AJA,,,,,
M,DCAF1,Q9Y4B6,5JK7,,,,,
M,DCAF1,Q9Y4B6,6N45,,,,,
M,DCAF1,Q9Y4B6,6ZUE,,,,,
M,DCAF1,Q9Y4B6,6ZX9,GOL,GLYCEROL,C(C(CO)O)O,C3H8O3,92.047344116
M,DCAF1,Q9Y4B6,7OKQ,,,,,
M,DCAF1,Q9Y4B6,7SSE,B1I,N-[(3R)-1-(3-fluorophenyl)piperidin-3-yl]-6-(morpholin-4-yl)pyrimidin-4-amine,c1cc(cc(c1)F)N2CCC[C@H](C2)Nc3cc(ncn3)N4CCOCC4,C19H24FN5O,357.196488608
M,DCAF1,Q9Y4B6,7UFV,N6O,(3P)-N-[(1S)-3-amino-1-(3-chlorophenyl)-3-oxopropyl]-3-(2-fluorophenyl)-1H-pyrazole-4-carboxamide,c1ccc(c(c1)c2c(c[nH]n2)C(=O)N[C@@H](CC(=O)N)c3cccc(c3)Cl)F,C19H16ClFN4O2,386.094581652
M,DCAF1,Q9Y4B6,7UFV,UNX,UNKNOWN ATOM OR ION,*,*,0.0
M,DCAF1,Q9Y4B6,7V7B,,,,,
M,DCAF1,Q9Y4B6,7V7C,,,,,
M,DCAF1,Q9Y4B6,8F8E,XJI,(3P)-N-[(1S)-3-amino-1-(3-chloro-4-fluorophenyl)-3-oxopropyl]-3-(4-chloro-2-fluorophenyl)-1H-pyrazole-4-carboxamide,c1cc(c(cc1[C@H](CC(=O)N)NC(=O)c2c[nH]nc2c3ccc(cc3F)Cl)Cl)F,C19H14Cl2F2N4O2,438.046187488
M,DCAF1,Q9Y4B6,8F8E,CIT,CITRIC ACID,C(C(=O)O)C(CC(=O)O)(C(=O)O)O,C6H8O7,192.02700259600002
M,DCAF1,Q9Y4B6,8OG5,EDO,"1,2-ETHANEDIOL",C(CO)O,C2H6O2,62.036779432
M,DCAF1,Q9Y4B6,8OG5,ACT,ACETATE ION,CC(=O)[O-],C2H3O2-,59.01385291591001
M,DCAF1,Q9Y4B6,8OG5,LQH,"5-(2-fluorophenyl)-2,3-dihydroimidazo[2,1-a]isoquinoline",c1ccc2c(c1)C=C(N3C2=NCC3)c4ccccc4F,C17H13FN2,264.106276636
M,DCAF1,Q9Y4B6,8OG6,LQH,"5-(2-fluorophenyl)-2,3-dihydroimidazo[2,1-a]isoquinoline",c1ccc2c(c1)C=C(N3C2=NCC3)c4ccccc4F,C17H13FN2,264.106276636
M,DCAF1,Q9Y4B6,8OG6,ACT,ACETATE ION,CC(=O)[O-],C2H3O2-,59.01385291591001
M,DCAF1,Q9Y4B6,8OG7,ACT,ACETATE ION,CC(=O)[O-],C2H3O2-,59.01385291591001
M,DCAF1,Q9Y4B6,8OG7,EDO,"1,2-ETHANEDIOL",C(CO)O,C2H6O2,62.036779432
M,DCAF1,Q9Y4B6,8OG7,VMR,(4~{R})-4-[3-(4-chloranylphenoxy)phenyl]pyrrolidin-2-imine,[H]/N=C\1/C[C@@H](CN1)c2cccc(c2)Oc3ccc(cc3)Cl,C16H15ClN2O,286.08729078
M,DCAF1,Q9Y4B6,8OG8,VM8,"5-(2-methyl-1-phenyl-propan-2-yl)imidazo[2,1-a]isoquinoline",CC(C)(Cc1ccccc1)c2cc3ccccc3c4n2ccn4,C21H20N2,300.16264864
M,DCAF1,Q9Y4B6,8OG8,ACT,ACETATE ION,CC(=O)[O-],C2H3O2-,59.01385291591001
M,DCAF1,Q9Y4B6,8OG8,EDO,"1,2-ETHANEDIOL",C(CO)O,C2H6O2,62.036779432
M,DCAF1,Q9Y4B6,8OG9,VM3,"5-[1-(4-chlorophenyl)cyclopropyl]imidazo[2,1-a]isoquinoline",c1ccc2c(c1)cc(n3c2ncc3)C4(CC4)c5ccc(cc5)Cl,C20H15ClN2,318.09237616
M,DCAF1,Q9Y4B6,8OGA,EDO,"1,2-ETHANEDIOL",C(CO)O,C2H6O2,62.036779432
M,DCAF1,Q9Y4B6,8OGA,DMS,DIMETHYL SULFOXIDE,CS(=O)C,C2H6OS,78.013935812
M,DCAF1,Q9Y4B6,8OGA,VLW,"5-[1-(4-methoxyphenyl)cyclopropyl]-8-(4-methylpiperazin-1-yl)-2,3-dihydroimidazo[2,1-a]isoquinoline",CN1CCN(CC1)c2ccc3c(c2)C=C(N4C3=NCC4)C5(CC5)c6ccc(cc6)OC,C26H30N4O,414.24196157999995
M,DCAF1,Q9Y4B6,8OGB,EDO,"1,2-ETHANEDIOL",C(CO)O,C2H6O2,62.036779432
M,DCAF1,Q9Y4B6,8OGB,VN5,"~{N}'-[2-[1-(4-methoxyphenyl)cyclopropyl]-7-(4-methylpiperazin-1-yl)quinazolin-4-yl]ethane-1,2-diamine",CN1CCN(CC1)c2ccc3c(c2)nc(nc3NCCN)C4(CC4)c5ccc(cc5)OC,C25H32N6O,432.26375964399995
M,DCAF1,Q9Y4B6,8OGB,DMS,DIMETHYL SULFOXIDE,CS(=O)C,C2H6OS,78.013935812
M,DCAF1,Q9Y4B6,8OGC,DMS,DIMETHYL SULFOXIDE,CS(=O)C,C2H6OS,78.013935812
M,DCAF1,Q9Y4B6,8OGC,MG,MAGNESIUM ION,[Mg+2],Mg+2,23.98394454018
M,DCAF1,Q9Y4B6,8OGC,ACT,ACETATE ION,CC(=O)[O-],C2H3O2-,59.01385291591001
M,DCAF1,Q9Y4B6,8OGC,EDO,"1,2-ETHANEDIOL",C(CO)O,C2H6O2,62.036779432
M,DCAF1,Q9Y4B6,8OGC,VMZ,1-[4-[4-(2-azanylethylamino)-2-[1-(4-chlorophenyl)cyclopentyl]quinazolin-7-yl]piperazin-1-yl]ethanone,CC(=O)N1CCN(CC1)c2ccc3c(c2)nc(nc3NCCN)C4(CCCC4)c5ccc(cc5)Cl,C27H33ClN6O,492.24043735600003
M,DCAF1,Q9Y4B6,8OO5,VUF,1-[4-[4-(2-azanylethylamino)-2-[1-(4-chlorophenyl)cyclohexyl]quinazolin-7-yl]piperazin-1-yl]ethanone,CC(=O)N1CCN(CC1)c2ccc3c(c2)nc(nc3NCCN)C4(CCCCC4)c5ccc(cc5)Cl,C28H35ClN6O,506.25608742000003
M,DCAF1,Q9Y4B6,8OO5,EDO,"1,2-ETHANEDIOL",C(CO)O,C2H6O2,62.036779432
M,DCAF1,Q9Y4B6,8OOD,MG,MAGNESIUM ION,[Mg+2],Mg+2,23.98394454018
M,DCAF1,Q9Y4B6,8OOD,ACT,ACETATE ION,CC(=O)[O-],C2H3O2-,59.01385291591001
M,DCAF1,Q9Y4B6,8OOD,EDO,"1,2-ETHANEDIOL",C(CO)O,C2H6O2,62.036779432
M,DCAF1,Q9Y4B6,8OOD,VY3,~{N}-[2-[2-[2-[2-[2-[2-[3-[4-[4-(2-azanylethylamino)-2-[1-(4-chlorophenyl)cyclopentyl]quinazolin-7-yl]piperazin-1-yl]-3-oxidanylidene-propoxy]ethoxy]ethoxy]ethoxy]ethoxy]ethoxy]ethyl]ethanamide,CC(=O)NCCOCCOCCOCCOCCOCCOCCC(=O)N1CCN(CC1)c2ccc3c(c2)nc(nc3NCCN)C4(CCCC4)c5ccc(cc5)Cl,C42H62ClN7O8,827.4348396240001
M,DCAF1,Q9Y4B6,9B9H,A1AM2,"N-{(1P)-5'-({(17E)-18-[(3P)-4-{[(1S)-3-amino-1-(3-chloro-4-fluorophenyl)-3-oxopropyl]carbamoyl}-3-(4-chloro-2-fluorophenyl)-1H-pyrrol-2-yl]-16-oxo-3,6,9,12-tetraoxa-15-azaoctadec-17-en-1-yl}carbamoyl)-2'-fluoro-4-[(3R,5S)-3,4,5-trimethylpiperazin-1-yl][1,1'-biphenyl]-3-yl}-6-oxo-4-(trifluoromethyl)-1,6-dihydropyridine-3-carboxamide",C[C@@H]1CN(C[C@@H](N1C)C)c2ccc(cc2NC(=O)C3=CNC(=O)C=C3C(F)(F)F)c4cc(ccc4F)C(=O)NCCOCCOCCOCCOCCNC(=O)/C=C/c5c(c(c[nH]5)C(=O)N[C@@H](CC(=O)N)c6ccc(c(c6)Cl)F)c7ccc(cc7F)Cl,C60H63Cl2F6N9O10,1253.397913896
M,DCAF1,Q9Y4B6,9B9T,A1ANM,"N-{(1P)-5'-[(17-{(4P)-4-[(2P)-4-{[(1R)-3-amino-1-(3-chloro-4-fluorophenyl)-3-oxopropyl]carbamoyl}-3-(4-chloro-2-fluorophenyl)-1H-pyrrol-2-yl]-1H-pyrazol-1-yl}-16-oxo-3,6,9,12-tetraoxa-15-azaheptadecan-1-yl)carbamoyl]-2'-fluoro-4-[(3R,5S)-3,4,5-trimethylpiperazin-1-yl][1,1'-biphenyl]-3-yl}-6-oxo-4-(trifluoromethyl)-1,6-dihydropyridine-3-carboxamide",C[C@@H]1CN(C[C@@H](N1C)C)c2ccc(cc2NC(=O)C3=CNC(=O)C=C3C(F)(F)F)c4cc(ccc4F)C(=O)NCCOCCOCCOCCOCCNC(=O)Cn5cc(cn5)c6c(c(c[nH]6)C(=O)N[C@@H](CC(=O)N)c7ccc(c(c7)Cl)F)c8ccc(cc8F)Cl,C62H65Cl2F6N11O10,1307.41971196
M,DCAF1,Q9Y4B6,9B9W,A1ANN,"(4P)-N-[(1R)-3-amino-1-(3-chloro-4-fluorophenyl)-3-oxopropyl]-4-(4-chloro-2-fluorophenyl)-5-[(25E)-1-{(1P)-6-fluoro-3'-[4-fluoro-2-(trifluoromethyl)benzamido]-4'-[(3R,5S)-3,4,5-trimethylpiperazin-1-yl][1,1'-biphenyl]-3-yl}-1,24-dioxo-5,8,11,14,17,20-hexaoxa-2,23-diazahexacos-25-en-26-yl]-1H-pyrrole-3-carboxamide",C[C@@H]1CN(C[C@@H](N1C)C)c2ccc(cc2NC(=O)c3ccc(cc3C(F)(F)F)F)c4cc(ccc4F)C(=O)NCCOCCOCCOCCOCCOCCOCCNC(=O)/C=C/c5c(c(c[nH]5)C(=O)N[C@@H](CC(=O)N)c6ccc(c(c6)Cl)F)c7ccc(cc7F)Cl,C65H71Cl2F7N8O11,1342.450757992
M,DCAF1,Q9Y4B6,9BA2,IMD,IMIDAZOLE,c1c[nH+]c[nH]1,C3H5N2+,69.04472458008999
M,DCAF1,Q9Y4B6,9BHR,A1API,(4P)-N-[(1S)-3-amino-1-(3-chloro-4-fluorophenyl)-3-oxopropyl]-4-(4-chloro-2-fluorophenyl)-5-{(1E)-3-[(2-methoxyethyl)amino]-3-oxoprop-1-en-1-yl}-1H-pyrrole-3-carboxamide,COCCNC(=O)/C=C/c1c(c(c[nH]1)C(=O)N[C@@H](CC(=O)N)c2ccc(c(c2)Cl)F)c3ccc(cc3F)Cl,C26H24Cl2F2N4O4,564.114267048
M,DCAF1,Q9Y4B6,9BHS,A1APJ,(4P)-N-[(1S)-3-amino-1-(3-chloro-4-fluorophenyl)-3-oxopropyl]-4-(4-chloro-2-fluorophenyl)-5-(1-methyl-1H-pyrazol-4-yl)-1H-pyrrole-3-carboxamide,Cn1cc(cn1)c2c(c(c[nH]2)C(=O)N[C@@H](CC(=O)N)c3ccc(c(c3)Cl)F)c4ccc(cc4F)Cl,C24H19Cl2F2N5O2,517.088386648
M,DCAF1,Q9Y4B6,9BHS,UNL,UNKNOWN LIGAND,,,
M,DCAF1,Q9Y4B6,9C1Q,A1ATT,(4P)-N-[(1S)-3-amino-1-(3-chloro-4-fluorophenyl)-3-oxopropyl]-4-(4-chloro-2-fluorophenyl)-5-(3-methoxyprop-1-yn-1-yl)-1H-pyrrole-3-carboxamide,COCC#Cc1c(c(c[nH]1)C(=O)N[C@@H](CC(=O)N)c2ccc(c(c2)Cl)F)c3ccc(cc3F)Cl,C24H19Cl2F2N3O3,505.077153268
M,DCAF1,Q9Y4B6,9C1Q,UNX,UNKNOWN ATOM OR ION,*,*,0.0
M,DCAF1,Q9Y4B6,9C1Q,NA,SODIUM ION,[Na+],Na+,22.98922070009
M,DCAF1,Q9Y4B6,9C1Q,CL,CHLORIDE ION,[Cl-],Cl-,34.96940125991
M,DCAF1,Q9Y4B6,9D4E,A1A1Q,(4P)-N-[(1S)-3-amino-1-(3-chloro-4-fluorophenyl)-3-oxopropyl]-4-(4-chloro-2-fluorophenyl)-5-[(1E)-3-oxo-3-(piperidin-1-yl)prop-1-en-1-yl]-1H-pyrrole-3-carboxamide,c1cc(c(cc1[C@H](CC(=O)N)NC(=O)c2c[nH]c(c2c3ccc(cc3F)Cl)/C=C/C(=O)N4CCCCC4)Cl)F,C28H26Cl2F2N4O3,574.135002492
M,DCAF1,Q9Y4B6,9D4E,CIT,CITRIC ACID,C(C(=O)O)C(CC(=O)O)(C(=O)O)O,C6H8O7,192.02700259600002
M,DCAF1,Q9Y4B6,9DLW,A1BAF,"N-{(1P)-5'-({(32E)-33-[(3P)-4-{[(1S)-3-amino-1-(3-chloro-4-fluorophenyl)-3-oxopropyl]carbamoyl}-3-(4-chloro-2-fluorophenyl)-1H-pyrrol-2-yl]-31-oxo-3,6,9,12,15,18,21,24,27-nonaoxa-30-azatritriacont-32-en-1-yl}carbamoyl)-2'-fluoro-4-[(3R,5S)-3,4,5-trimethylpiperazin-1-yl][1,1'-biphenyl]-3-yl}-6-oxo-4-(trifluoromethyl)-1,6-dihydropyridine-3-carboxamide",C[C@@H]1CN(C[C@@H](N1C)C)c2ccc(cc2NC(=O)C3=CNC(=O)C=C3C(F)(F)F)c4cc(ccc4F)C(=O)NCCOCCOCCOCCOCCOCCOCCOCCOCCOCCNC(=O)/C=C/c5c(c(c[nH]5)C(=O)N[C@@H](CC(=O)N)c6ccc(c(c6)Cl)F)c7ccc(cc7F)Cl,C70H83Cl2F6N9O15,1473.5289876360002
M,DCAF1,Q9Y4B6,9PLY,A1CI0,(4P)-N-[(1S)-3-amino-1-(3-chloro-4-fluorophenyl)-3-oxopropyl]-4-(4-chloro-2-fluorophenyl)-5-{(1E)-3-[(3-methoxypropyl)amino]-3-oxoprop-1-en-1-yl}-1H-pyrrole-3-carboxamide,COCCCNC(=O)/C=C/c1c(c(c[nH]1)C(=O)N[C@@H](CC(=O)N)c2ccc(c(c2)Cl)F)c3ccc(cc3F)Cl,C27H26Cl2F2N4O4,578.1299171120002
M,DCAF1,Q9Y4B6,9PLY,EDO,"1,2-ETHANEDIOL",C(CO)O,C2H6O2,62.036779432
M,DCAF1,Q9Y4B6,9PLY,UNX,UNKNOWN ATOM OR ION,*,*,0.0
M,TRIM21,P19474,2IWG,FUC,alpha-L-fucopyranose,C[C@H]1[C@H]([C@H]([C@@H]([C@@H](O1)O)O)O)O,C6H12O5,164.068473484
M,TRIM21,P19474,5JPX,ZN,ZINC ION,[Zn+2],Zn+2,63.92804504018
M,TRIM21,P19474,5OLM,ZN,ZINC ION,[Zn+2],Zn+2,63.92804504018
M,TRIM21,P19474,6FGA,ZN,ZINC ION,[Zn+2],Zn+2,63.92804504018
M,TRIM21,P19474,6S53,ZN,ZINC ION,[Zn+2],Zn+2,63.92804504018
M,TRIM21,P19474,6S53,MPD,"(4S)-2-METHYL-2,4-PENTANEDIOL",C[C@@H](CC(C)(C)O)O,C6H14O2,118.099379688
M,TRIM21,P19474,7BBD,ZN,ZINC ION,[Zn+2],Zn+2,63.92804504018
M,TRIM21,P19474,8A58,ZN,ZINC ION,[Zn+2],Zn+2,63.92804504018
M,TRIM21,P19474,8Y58,PMZ,1-[10-(3-DIMETHYLAMINO-PROPYL)-10H-PHENOTHIAZIN-2-YL]-ETHANONE,CC(=O)c1ccc2c(c1)N(c3ccccc3S2)CCCN(C)C,C19H22N2OS,326.14528432400004
M,TRIM21,P19474,8Y58,FMT,FORMIC ACID,C(=O)O,CH2O2,46.005479304
M,TRIM21,P19474,8Y59,A1D5Y,(1~{S})-1-[10-[3-(dimethylamino)propyl]phenothiazin-2-yl]ethanol,C[C@@H](c1ccc2c(c1)N(c3ccccc3S2)CCCN(C)C)O,C19H24N2OS,328.160934388
M,TRIM21,P19474,8Y5B,A1D5Z,(1~{R})-1-[10-[3-(dimethylamino)propyl]phenothiazin-2-yl]ethanol,C[C@H](c1ccc2c(c1)N(c3ccccc3S2)CCCN(C)C)O,C19H24N2OS,328.160934388
M,TRIM21,P19474,9EK5,A1BLD,(3P)-3-(4-chloro-2-ethoxyphenyl)-6-fluoro-2-[(piperazin-1-yl)methyl]quinazolin-4(3H)-one,CCOc1cc(ccc1N2C(=Nc3ccc(cc3C2=O)F)CN4CCNCC4)Cl,C21H22ClFN4O2,416.14153184400004
M,TRIM21,P19474,9II5,A1D9F,~{N}-[(1-fluoranylcyclohexyl)methyl]-~{N}-methyl-4-(2-methylsulfanylphenyl)-2-methylsulfonyl-benzamide,CN(CC1(CCCCC1)F)C(=O)c2ccc(cc2S(=O)(=O)C)c3ccccc3SC,C23H28FNO3S2,449.149463976
M,TRIM21,P19474,9M3N,A1EMT,1-ethyl-~{N}-methyl-5-phenyl-~{N}-[3-[3-(trifluoromethyl)phenyl]cyclobutyl]pyrazole-4-carboxamide,CCn1c(c(cn1)C(=O)N(C)C2CC(C2)c3cccc(c3)C(F)(F)F)c4ccccc4,C24H24F3N3O,427.187147048
M,TRIM21,P19474,9QBA,A1I41,~{N}-(cyclohexylmethyl)-4-(4-fluoranyl-2-methylsulfanyl-phenyl)-2-methylsulfonyl-benzamide,CSc1cc(ccc1c2ccc(c(c2)S(=O)(=O)C)C(=O)NCC3CCCCC3)F,C22H26FNO3S2,435.133813912
M,TRIM21,P19474,9QBA,EDO,"1,2-ETHANEDIOL",C(CO)O,C2H6O2,62.036779432
M,KLHDC2,Q9Y2U9,6DO3,,,,,
M,KLHDC2,Q9Y2U9,6DO4,,,,,
M,KLHDC2,Q9Y2U9,6DO5,,,,,
M,KLHDC2,Q9Y2U9,8EBL,,,,,
M,KLHDC2,Q9Y2U9,8EBM,,,,,
M,KLHDC2,Q9Y2U9,8EBN,,,,,
M,KLHDC2,Q9Y2U9,8PIF,EDO,"1,2-ETHANEDIOL",C(CO)O,C2H6O2,62.036779432
M,KLHDC2,Q9Y2U9,8PIF,YW6,2-(furan-3-yl)ethanoic acid,c1cocc1CC(=O)O,C6H6O3,126.031694052
M,KLHDC2,Q9Y2U9,8SGE,GOL,GLYCEROL,C(C(CO)O)O,C3H8O3,92.047344116
M,KLHDC2,Q9Y2U9,8SGE,ZWS,"[(5P)-5-{3-[(2R)-butan-2-yl]-7-[(2-methoxyethoxy)carbonyl]-2-oxo-5,6,7,8-tetrahydro-1,7-naphthyridin-1(2H)-yl}-2-oxopyridin-1(2H)-yl]acetic acid",CC[C@@H](C)C1=CC2=C(CN(CC2)C(=O)OCCOC)N(C1=O)C3=CN(C(=O)C=C3)CC(=O)O,C23H29N3O7,459.200550268
M,KLHDC2,Q9Y2U9,8SGF,GOL,GLYCEROL,C(C(CO)O)O,C3H8O3,92.047344116
M,KLHDC2,Q9Y2U9,8SH2,,,,,
M,KLHDC2,Q9Y2U9,8UXS,XU8,"{4-[(2-{[(4-tert-butylphenyl)methyl]sulfanyl}acetamido)methyl]-1H-1,2,3-triazol-1-yl}acetic acid",CC(C)(C)c1ccc(cc1)CSCC(=O)NCc2cn(nn2)CC(=O)O,C18H24N4O3S,376.156911628
M,KLHDC2,Q9Y2U9,9BC9,A1APK,"N-({2-[2-chloro-4-(methoxymethoxy)phenyl]-1,3-thiazol-4-yl}acetyl)glycine",COCOc1ccc(c(c1)Cl)c2nc(cs2)CC(=O)NCC(=O)O,C15H15ClN2O5S,370.03902026
M,KLHDC2,Q9Y2U9,9BC9,NCO,COBALT HEXAMMINE(III),[NH3][Co+3]([NH3])([NH3])([NH3])([NH3])[NH3],H18CoN6+3,161.09084383626998
M,KLHDC2,Q9Y2U9,9BCA,A1APS,"N-{[2-(naphthalen-2-yl)-1,3-thiazol-4-yl]acetyl}glycine",c1ccc2cc(ccc2c1)c3nc(cs3)CC(=O)NCC(=O)O,C17H14N2O3S,326.07251330799994
M,KLHDC2,Q9Y2U9,9BCA,NCO,COBALT HEXAMMINE(III),[NH3][Co+3]([NH3])([NH3])([NH3])([NH3])[NH3],H18CoN6+3,161.09084383626998
M,KLHDC2,Q9Y2U9,9BCC,A1APT,"N-({2-[8-(2-methoxyethoxy)naphthalen-2-yl]-1,3-thiazol-4-yl}acetyl)glycine",COCCOc1cccc2c1cc(cc2)c3nc(cs3)CC(=O)NCC(=O)O,C20H20N2O5S,400.10929273999994
M,KLHDC2,Q9Y2U9,9BCC,NCO,COBALT HEXAMMINE(III),[NH3][Co+3]([NH3])([NH3])([NH3])([NH3])[NH3],H18CoN6+3,161.09084383626998
M,FLI1,Q01543,1FLI,,,,,
M,FLI1,Q01543,1X66,,,,,
M,FLI1,Q01543,2YTU,,,,,
M,FLI1,Q01543,5E8G,CO,COBALT (II) ION,[Co+2],Co+2,58.93209784018
M,FLI1,Q01543,5E8I,,,,,
M,FLI1,Q01543,5JVT,PO4,PHOSPHATE ION,[O-]P(=O)([O-])[O-],O4P-3,94.95506584973
M,FLI1,Q01543,5JVT,GOL,GLYCEROL,C(C(CO)O)O,C3H8O3,92.047344116
M,FLI1,Q01543,6VG2,,,,,
M,FLI1,Q01543,6VG8,,,,,
M,FLI1,Q01543,6VGD,,,,,
M,FLI1,Q01543,9CP6,NA,SODIUM ION,[Na+],Na+,22.98922070009
M,FLI1,Q01543,9MWY,NA,SODIUM ION,[Na+],Na+,22.98922070009
M,FLI1,Q01543,9MX8,,,,,
M,FLI1,Q01543,9MX9,CA,CALCIUM ION,[Ca+2],Ca+2,39.96149382018
M,FLI1,Q01543,9MXA,,,,,
M,PAX8,Q06710,2K27,,,,,
M,TDP43,Q13148,1WF0,,,,,
M,TDP43,Q13148,2CQG,,,,,
M,TDP43,Q13148,2N2C,,,,,
M,TDP43,Q13148,2N3X,,,,,
M,TDP43,Q13148,2N4G,,,,,
M,TDP43,Q13148,2N4H,,,,,
M,TDP43,Q13148,2N4P,,,,,
M,TDP43,Q13148,4BS2,,,,,
M,TDP43,Q13148,4IUF,,,,,
M,TDP43,Q13148,4Y00,,,,,
M,TDP43,Q13148,4Y0F,,,,,
M,TDP43,Q13148,5MDI,ACT,ACETATE ION,CC(=O)[O-],C2H3O2-,59.01385291591001
M,TDP43,Q13148,5MRG,,,,,
M,TDP43,Q13148,5W50,,,,,
M,TDP43,Q13148,5W52,,,,,
M,TDP43,Q13148,5W7V,,,,,
M,TDP43,Q13148,5WHN,,,,,
M,TDP43,Q13148,5WHP,,,,,
M,TDP43,Q13148,5WIA,,,,,
M,TDP43,Q13148,5WIQ,,,,,
M,TDP43,Q13148,5WKB,,,,,
M,TDP43,Q13148,5WKD,,,,,
M,TDP43,Q13148,5X4F,,,,,
M,TDP43,Q13148,6B1G,,,,,
M,TDP43,Q13148,6CF4,,,,,
M,TDP43,Q13148,6CFH,,,,,
M,TDP43,Q13148,6N37,,,,,
M,TDP43,Q13148,6N3A,,,,,
M,TDP43,Q13148,6N3B,,,,,
M,TDP43,Q13148,6N3C,,,,,
M,TDP43,Q13148,6T4B,SO4,SULFATE ION,[O-]S(=O)(=O)[O-],O4S-2,95.95282663982
M,TDP43,Q13148,7KWZ,,,,,
M,TDP43,Q13148,7N9H,,,,,
M,TDP43,Q13148,7PY2,,,,,
M,TDP43,Q13148,7Q3U,,,,,
M,TDP43,Q13148,8A6I,,,,,
M,TDP43,Q13148,8CG3,,,,,
M,TDP43,Q13148,8CGG,,,,,
M,TDP43,Q13148,8CGH,,,,,
M,TDP43,Q13148,8QX9,,,,,
M,TDP43,Q13148,8QXA,,,,,
M,TDP43,Q13148,8QXB,,,,,
M,TDP43,Q13148,9FOF,,,,,
M,TDP43,Q13148,9FOR,,,,,
M,SOD1,P00441,1AZV,CU,COPPER (II) ION,[Cu+2],Cu+2,62.92850034018
M,SOD1,P00441,1AZV,ZN,ZINC ION,[Zn+2],Zn+2,63.92804504018
M,SOD1,P00441,1BA9,ZN,ZINC ION,[Zn+2],Zn+2,63.92804504018
M,SOD1,P00441,1BA9,CU1,COPPER (I) ION,[Cu+],Cu+,62.92904892009
M,SOD1,P00441,1DSW,CU,COPPER (II) ION,[Cu+2],Cu+2,62.92850034018
M,SOD1,P00441,1DSW,ZN,ZINC ION,[Zn+2],Zn+2,63.92804504018
M,SOD1,P00441,1FUN,CU,COPPER (II) ION,[Cu+2],Cu+2,62.92850034018
M,SOD1,P00441,1FUN,ZN,ZINC ION,[Zn+2],Zn+2,63.92804504018
M,SOD1,P00441,1FUN,SO4,SULFATE ION,[O-]S(=O)(=O)[O-],O4S-2,95.95282663982
M,SOD1,P00441,1HL4,ZN,ZINC ION,[Zn+2],Zn+2,63.92804504018
M,SOD1,P00441,1HL5,CU,COPPER (II) ION,[Cu+2],Cu+2,62.92850034018
M,SOD1,P00441,1HL5,ZN,ZINC ION,[Zn+2],Zn+2,63.92804504018
M,SOD1,P00441,1HL5,CA,CALCIUM ION,[Ca+2],Ca+2,39.96149382018
M,SOD1,P00441,1KMG,ZN,ZINC ION,[Zn+2],Zn+2,63.92804504018
M,SOD1,P00441,1L3N,CU1,COPPER (I) ION,[Cu+],Cu+,62.92904892009
M,SOD1,P00441,1L3N,ZN,ZINC ION,[Zn+2],Zn+2,63.92804504018
M,SOD1,P00441,1MFM,ZN,ZINC ION,[Zn+2],Zn+2,63.92804504018
M,SOD1,P00441,1MFM,CU,COPPER (II) ION,[Cu+2],Cu+2,62.92850034018
M,SOD1,P00441,1MFM,CD,CADMIUM ION,[Cd+2],Cd+2,113.90226134017999
M,SOD1,P00441,1MFM,CL,CHLORIDE ION,[Cl-],Cl-,34.96940125991
M,SOD1,P00441,1N18,CU1,COPPER (I) ION,[Cu+],Cu+,62.92904892009
M,SOD1,P00441,1N18,ZN,ZINC ION,[Zn+2],Zn+2,63.92804504018
M,SOD1,P00441,1N18,SO4,SULFATE ION,[O-]S(=O)(=O)[O-],O4S-2,95.95282663982
M,SOD1,P00441,1N19,CU1,COPPER (I) ION,[Cu+],Cu+,62.92904892009
M,SOD1,P00441,1N19,ZN,ZINC ION,[Zn+2],Zn+2,63.92804504018
M,SOD1,P00441,1N19,SO4,SULFATE ION,[O-]S(=O)(=O)[O-],O4S-2,95.95282663982
M,SOD1,P00441,1OEZ,ZN,ZINC ION,[Zn+2],Zn+2,63.92804504018
M,SOD1,P00441,1OEZ,SO4,SULFATE ION,[O-]S(=O)(=O)[O-],O4S-2,95.95282663982
M,SOD1,P00441,1OZT,,,,,
M,SOD1,P00441,1OZU,ZN,ZINC ION,[Zn+2],Zn+2,63.92804504018
M,SOD1,P00441,1OZU,SO4,SULFATE ION,[O-]S(=O)(=O)[O-],O4S-2,95.95282663982
M,SOD1,P00441,1P1V,SO4,SULFATE ION,[O-]S(=O)(=O)[O-],O4S-2,95.95282663982
M,SOD1,P00441,1P1V,ZN,ZINC ION,[Zn+2],Zn+2,63.92804504018
M,SOD1,P00441,1PTZ,CU1,COPPER (I) ION,[Cu+],Cu+,62.92904892009
M,SOD1,P00441,1PTZ,ZN,ZINC ION,[Zn+2],Zn+2,63.92804504018
M,SOD1,P00441,1PTZ,SO4,SULFATE ION,[O-]S(=O)(=O)[O-],O4S-2,95.95282663982
M,SOD1,P00441,1PU0,CU1,COPPER (I) ION,[Cu+],Cu+,62.92904892009
M,SOD1,P00441,1PU0,ZN,ZINC ION,[Zn+2],Zn+2,63.92804504018
M,SOD1,P00441,1PU0,SO4,SULFATE ION,[O-]S(=O)(=O)[O-],O4S-2,95.95282663982
M,SOD1,P00441,1RK7,,,,,
M,SOD1,P00441,1SOS,CU,COPPER (II) ION,[Cu+2],Cu+2,62.92850034018
M,SOD1,P00441,1SOS,ZN,ZINC ION,[Zn+2],Zn+2,63.92804504018
M,SOD1,P00441,1SOS,SO4,SULFATE ION,[O-]S(=O)(=O)[O-],O4S-2,95.95282663982
M,SOD1,P00441,1SPD,CU,COPPER (II) ION,[Cu+2],Cu+2,62.92850034018
M,SOD1,P00441,1SPD,ZN,ZINC ION,[Zn+2],Zn+2,63.92804504018
M,SOD1,P00441,1UXL,CU,COPPER (II) ION,[Cu+2],Cu+2,62.92850034018
M,SOD1,P00441,1UXL,ZN,ZINC ION,[Zn+2],Zn+2,63.92804504018
M,SOD1,P00441,1UXL,SO4,SULFATE ION,[O-]S(=O)(=O)[O-],O4S-2,95.95282663982
M,SOD1,P00441,1UXM,CU,COPPER (II) ION,[Cu+2],Cu+2,62.92850034018
M,SOD1,P00441,1UXM,ZN,ZINC ION,[Zn+2],Zn+2,63.92804504018
M,SOD1,P00441,2AF2,ZN,ZINC ION,[Zn+2],Zn+2,63.92804504018
M,SOD1,P00441,2C9S,ZN,ZINC ION,[Zn+2],Zn+2,63.92804504018
M,SOD1,P00441,2C9S,ACT,ACETATE ION,CC(=O)[O-],C2H3O2-,59.01385291591001
M,SOD1,P00441,2C9S,SO4,SULFATE ION,[O-]S(=O)(=O)[O-],O4S-2,95.95282663982
M,SOD1,P00441,2C9U,SO4,SULFATE ION,[O-]S(=O)(=O)[O-],O4S-2,95.95282663982
M,SOD1,P00441,2C9U,CU,COPPER (II) ION,[Cu+2],Cu+2,62.92850034018
M,SOD1,P00441,2C9U,ZN,ZINC ION,[Zn+2],Zn+2,63.92804504018
M,SOD1,P00441,2C9U,ACT,ACETATE ION,CC(=O)[O-],C2H3O2-,59.01385291591001
M,SOD1,P00441,2C9V,CU,COPPER (II) ION,[Cu+2],Cu+2,62.92850034018
M,SOD1,P00441,2C9V,ZN,ZINC ION,[Zn+2],Zn+2,63.92804504018
M,SOD1,P00441,2C9V,SO4,SULFATE ION,[O-]S(=O)(=O)[O-],O4S-2,95.95282663982
M,SOD1,P00441,2C9V,NA,SODIUM ION,[Na+],Na+,22.98922070009
M,SOD1,P00441,2GBT,CU1,COPPER (I) ION,[Cu+],Cu+,62.92904892009
M,SOD1,P00441,2GBT,ZN,ZINC ION,[Zn+2],Zn+2,63.92804504018
M,SOD1,P00441,2GBU,,,,,
M,SOD1,P00441,2GBV,CU1,COPPER (I) ION,[Cu+],Cu+,62.92904892009
M,SOD1,P00441,2GBV,ZN,ZINC ION,[Zn+2],Zn+2,63.92804504018
M,SOD1,P00441,2LU5,CU,COPPER (II) ION,[Cu+2],Cu+2,62.92850034018
M,SOD1,P00441,2MP3,,,,,
M,SOD1,P00441,2NAM,,,,,
M,SOD1,P00441,2NNX,ZN,ZINC ION,[Zn+2],Zn+2,63.92804504018
M,SOD1,P00441,2NNX,SO4,SULFATE ION,[O-]S(=O)(=O)[O-],O4S-2,95.95282663982
M,SOD1,P00441,2R27,CU,COPPER (II) ION,[Cu+2],Cu+2,62.92850034018
M,SOD1,P00441,2V0A,CU,COPPER (II) ION,[Cu+2],Cu+2,62.92850034018
M,SOD1,P00441,2V0A,ZN,ZINC ION,[Zn+2],Zn+2,63.92804504018
M,SOD1,P00441,2V0A,SO4,SULFATE ION,[O-]S(=O)(=O)[O-],O4S-2,95.95282663982
M,SOD1,P00441,2V0A,ACT,ACETATE ION,CC(=O)[O-],C2H3O2-,59.01385291591001
M,SOD1,P00441,2VR6,CU,COPPER (II) ION,[Cu+2],Cu+2,62.92850034018
M,SOD1,P00441,2VR6,ZN,ZINC ION,[Zn+2],Zn+2,63.92804504018
M,SOD1,P00441,2VR6,SO4,SULFATE ION,[O-]S(=O)(=O)[O-],O4S-2,95.95282663982
M,SOD1,P00441,2VR6,SCN,THIOCYANATE ION,C(#N)[S-],CNS-,57.97569357991
M,SOD1,P00441,2VR7,CU,COPPER (II) ION,[Cu+2],Cu+2,62.92850034018
M,SOD1,P00441,2VR7,ZN,ZINC ION,[Zn+2],Zn+2,63.92804504018
M,SOD1,P00441,2VR7,SO4,SULFATE ION,[O-]S(=O)(=O)[O-],O4S-2,95.95282663982
M,SOD1,P00441,2VR7,SCN,THIOCYANATE ION,C(#N)[S-],CNS-,57.97569357991
M,SOD1,P00441,2VR8,CU,COPPER (II) ION,[Cu+2],Cu+2,62.92850034018
M,SOD1,P00441,2VR8,ZN,ZINC ION,[Zn+2],Zn+2,63.92804504018
M,SOD1,P00441,2VR8,SO4,SULFATE ION,[O-]S(=O)(=O)[O-],O4S-2,95.95282663982
M,SOD1,P00441,2VR8,SCN,THIOCYANATE ION,C(#N)[S-],CNS-,57.97569357991
M,SOD1,P00441,2WKO,CU,COPPER (II) ION,[Cu+2],Cu+2,62.92850034018
M,SOD1,P00441,2WKO,ZN,ZINC ION,[Zn+2],Zn+2,63.92804504018
M,SOD1,P00441,2WKO,IOD,IODIDE ION,[I-],I-,126.90502157991
M,SOD1,P00441,2WYT,CU,COPPER (II) ION,[Cu+2],Cu+2,62.92850034018
M,SOD1,P00441,2WYT,ZN,ZINC ION,[Zn+2],Zn+2,63.92804504018
M,SOD1,P00441,2WYT,SO4,SULFATE ION,[O-]S(=O)(=O)[O-],O4S-2,95.95282663982
M,SOD1,P00441,2WYT,ACT,ACETATE ION,CC(=O)[O-],C2H3O2-,59.01385291591001
M,SOD1,P00441,2WYT,CL,CHLORIDE ION,[Cl-],Cl-,34.96940125991
M,SOD1,P00441,2WYZ,ZN,ZINC ION,[Zn+2],Zn+2,63.92804504018
M,SOD1,P00441,2WYZ,CU,COPPER (II) ION,[Cu+2],Cu+2,62.92850034018
M,SOD1,P00441,2WYZ,SO4,SULFATE ION,[O-]S(=O)(=O)[O-],O4S-2,95.95282663982
M,SOD1,P00441,2WYZ,U5P,URIDINE-5'-MONOPHOSPHATE,C1=CN(C(=O)NC1=O)[C@H]2[C@@H]([C@@H]([C@H](O2)COP(=O)(O)O)O)O,C9H13N2O9P,324.035866626
M,SOD1,P00441,2WZ0,CU,COPPER (II) ION,[Cu+2],Cu+2,62.92850034018
M,SOD1,P00441,2WZ0,ZN,ZINC ION,[Zn+2],Zn+2,63.92804504018
M,SOD1,P00441,2WZ0,SO4,SULFATE ION,[O-]S(=O)(=O)[O-],O4S-2,95.95282663982
M,SOD1,P00441,2WZ0,ZZT,2-METHOXY-5-METHYLANILINE,Cc1ccc(c(c1)N)OC,C8H11NO,137.084063972
M,SOD1,P00441,2WZ0,DMS,DIMETHYL SULFOXIDE,CS(=O)C,C2H6OS,78.013935812
M,SOD1,P00441,2WZ0,DSN,D-SERINE,C([C@H](C(=O)O)N)O,C3H7NO3,105.042593084
M,SOD1,P00441,2WZ5,ZN,ZINC ION,[Zn+2],Zn+2,63.92804504018
M,SOD1,P00441,2WZ5,CU,COPPER (II) ION,[Cu+2],Cu+2,62.92850034018
M,SOD1,P00441,2WZ5,SO4,SULFATE ION,[O-]S(=O)(=O)[O-],O4S-2,95.95282663982
M,SOD1,P00441,2WZ5,MET,METHIONINE,CSCC[C@@H](C(=O)O)N,C5H11NO2S,149.051049592
M,SOD1,P00441,2WZ6,ZN,ZINC ION,[Zn+2],Zn+2,63.92804504018
M,SOD1,P00441,2WZ6,CU,COPPER (II) ION,[Cu+2],Cu+2,62.92850034018
M,SOD1,P00441,2WZ6,ZO0,"4-(4-METHYL-1,4-DIAZEPAN-1-YL)-2-(TRIFLUOROMETHYL)QUINAZOLINE",CN1CCCN(CC1)c2c3ccccc3nc(n2)C(F)(F)F,C15H17F3N4,310.140531204
M,SOD1,P00441,2WZ6,SO4,SULFATE ION,[O-]S(=O)(=O)[O-],O4S-2,95.95282663982
M,SOD1,P00441,2XJK,CU,COPPER (II) ION,[Cu+2],Cu+2,62.92850034018
M,SOD1,P00441,2XJK,ZN,ZINC ION,[Zn+2],Zn+2,63.92804504018
M,SOD1,P00441,2XJL,ZN,ZINC ION,[Zn+2],Zn+2,63.92804504018
M,SOD1,P00441,2XJL,PEG,DI(HYDROXYETHYL)ETHER,C(COCCO)O,C4H10O3,106.06299418
M,SOD1,P00441,2XJL,NA,SODIUM ION,[Na+],Na+,22.98922070009
M,SOD1,P00441,2XJL,ACT,ACETATE ION,CC(=O)[O-],C2H3O2-,59.01385291591001
M,SOD1,P00441,2ZKW,CU1,COPPER (I) ION,[Cu+],Cu+,62.92904892009
M,SOD1,P00441,2ZKW,ZN,ZINC ION,[Zn+2],Zn+2,63.92804504018
M,SOD1,P00441,2ZKX,CU1,COPPER (I) ION,[Cu+],Cu+,62.92904892009
M,SOD1,P00441,2ZKX,ZN,ZINC ION,[Zn+2],Zn+2,63.92804504018
M,SOD1,P00441,2ZKY,ZN,ZINC ION,[Zn+2],Zn+2,63.92804504018
M,SOD1,P00441,3CQP,CU,COPPER (II) ION,[Cu+2],Cu+2,62.92850034018
M,SOD1,P00441,3CQP,ZN,ZINC ION,[Zn+2],Zn+2,63.92804504018
M,SOD1,P00441,3CQP,MLI,MALONATE ION,C(C(=O)[O-])C(=O)[O-],C3H2O4-2,101.99640570382002
M,SOD1,P00441,3CQQ,ZN,ZINC ION,[Zn+2],Zn+2,63.92804504018
M,SOD1,P00441,3CQQ,ACE,ACETYL GROUP,CC=O,C2H4O,44.026214748
M,SOD1,P00441,3ECU,,,,,
M,SOD1,P00441,3ECV,,,,,
M,SOD1,P00441,3ECW,,,,,
M,SOD1,P00441,3GQF,ZN,ZINC ION,[Zn+2],Zn+2,63.92804504018
M,SOD1,P00441,3GQF,CA,CALCIUM ION,[Ca+2],Ca+2,39.96149382018
M,SOD1,P00441,3GTV,ZN,ZINC ION,[Zn+2],Zn+2,63.92804504018
M,SOD1,P00441,3GZO,CU,COPPER (II) ION,[Cu+2],Cu+2,62.92850034018
M,SOD1,P00441,3GZO,ZN,ZINC ION,[Zn+2],Zn+2,63.92804504018
M,SOD1,P00441,3GZO,GOL,GLYCEROL,C(C(CO)O)O,C3H8O3,92.047344116
M,SOD1,P00441,3GZO,MLI,MALONATE ION,C(C(=O)[O-])C(=O)[O-],C3H2O4-2,101.99640570382002
M,SOD1,P00441,3GZP,,,,,
M,SOD1,P00441,3GZQ,SO4,SULFATE ION,[O-]S(=O)(=O)[O-],O4S-2,95.95282663982
M,SOD1,P00441,3H2P,ZN,ZINC ION,[Zn+2],Zn+2,63.92804504018
M,SOD1,P00441,3H2P,MLI,MALONATE ION,C(C(=O)[O-])C(=O)[O-],C3H2O4-2,101.99640570382002
M,SOD1,P00441,3H2P,ACE,ACETYL GROUP,CC=O,C2H4O,44.026214748
M,SOD1,P00441,3H2Q,ZN,ZINC ION,[Zn+2],Zn+2,63.92804504018
M,SOD1,P00441,3H2Q,SO4,SULFATE ION,[O-]S(=O)(=O)[O-],O4S-2,95.95282663982
M,SOD1,P00441,3HFF,ZN,ZINC ION,[Zn+2],Zn+2,63.92804504018
M,SOD1,P00441,3K91,PS5,PENTASULFIDE-SULFUR,[S-]SSS[S-],S5-2,159.86145215982
M,SOD1,P00441,3KH3,CU,COPPER (II) ION,[Cu+2],Cu+2,62.92850034018
M,SOD1,P00441,3KH3,ZN,ZINC ION,[Zn+2],Zn+2,63.92804504018
M,SOD1,P00441,3KH3,SO4,SULFATE ION,[O-]S(=O)(=O)[O-],O4S-2,95.95282663982
M,SOD1,P00441,3KH4,CU,COPPER (II) ION,[Cu+2],Cu+2,62.92850034018
M,SOD1,P00441,3KH4,ZN,ZINC ION,[Zn+2],Zn+2,63.92804504018
M,SOD1,P00441,3LTV,ZN,ZINC ION,[Zn+2],Zn+2,63.92804504018
M,SOD1,P00441,3QQD,ZN,ZINC ION,[Zn+2],Zn+2,63.92804504018
M,SOD1,P00441,3QQD,SO4,SULFATE ION,[O-]S(=O)(=O)[O-],O4S-2,95.95282663982
M,SOD1,P00441,3RE0,CPT,Cisplatin,[NH3][Pt]([NH3])(Cl)Cl,H6Cl2N2Pt,298.955594652
M,SOD1,P00441,3T5W,CU1,COPPER (I) ION,[Cu+],Cu+,62.92904892009
M,SOD1,P00441,3T5W,ZN,ZINC ION,[Zn+2],Zn+2,63.92804504018
M,SOD1,P00441,3T5W,SO4,SULFATE ION,[O-]S(=O)(=O)[O-],O4S-2,95.95282663982
M,SOD1,P00441,4A7G,SO4,SULFATE ION,[O-]S(=O)(=O)[O-],O4S-2,95.95282663982
M,SOD1,P00441,4A7G,12I,4-(4-METHYLPIPERAZIN-1-YL)QUINAZOLINE,CN1CCN(CC1)c2c3ccccc3ncn2,C13H16N4,228.13749651199998
M,SOD1,P00441,4A7G,CU,COPPER (II) ION,[Cu+2],Cu+2,62.92850034018
M,SOD1,P00441,4A7G,ZN,ZINC ION,[Zn+2],Zn+2,63.92804504018
M,SOD1,P00441,4A7G,ACT,ACETATE ION,CC(=O)[O-],C2H3O2-,59.01385291591001
M,SOD1,P00441,4A7Q,4MQ,"4-(4-METHYL-1,4-DIAZEPAN-1-YL)QUINAZOLINE",CN1CCCN(CC1)c2c3ccccc3ncn2,C14H18N4,242.15314657599998
M,SOD1,P00441,4A7Q,SO4,SULFATE ION,[O-]S(=O)(=O)[O-],O4S-2,95.95282663982
M,SOD1,P00441,4A7Q,CU,COPPER (II) ION,[Cu+2],Cu+2,62.92850034018
M,SOD1,P00441,4A7Q,ZN,ZINC ION,[Zn+2],Zn+2,63.92804504018
M,SOD1,P00441,4A7S,CU,COPPER (II) ION,[Cu+2],Cu+2,62.92850034018
M,SOD1,P00441,4A7S,ZN,ZINC ION,[Zn+2],Zn+2,63.92804504018
M,SOD1,P00441,4A7S,SO4,SULFATE ION,[O-]S(=O)(=O)[O-],O4S-2,95.95282663982
M,SOD1,P00441,4A7S,ACT,ACETATE ION,CC(=O)[O-],C2H3O2-,59.01385291591001
M,SOD1,P00441,4A7S,5UD,5-FLUOROURIDINE,C1=C(C(=O)NC(=O)N1[C@H]2[C@@H]([C@@H]([C@H](O2)CO)O)O)F,C9H11FN2O6,262.06011429200004
M,SOD1,P00441,4A7T,5FW,ISOPRENALINE,CC(C)NC[C@@H](c1ccc(c(c1)O)O)O,C11H17NO3,211.120843404
M,SOD1,P00441,4A7T,SO4,SULFATE ION,[O-]S(=O)(=O)[O-],O4S-2,95.95282663982
M,SOD1,P00441,4A7T,ACT,ACETATE ION,CC(=O)[O-],C2H3O2-,59.01385291591001
M,SOD1,P00441,4A7T,CU,COPPER (II) ION,[Cu+2],Cu+2,62.92850034018
M,SOD1,P00441,4A7T,ZN,ZINC ION,[Zn+2],Zn+2,63.92804504018
M,SOD1,P00441,4A7U,ALE,L-EPINEPHRINE,CNC[C@@H](c1ccc(c(c1)O)O)O,C9H13NO3,183.089543276
M,SOD1,P00441,4A7U,SO4,SULFATE ION,[O-]S(=O)(=O)[O-],O4S-2,95.95282663982
M,SOD1,P00441,4A7U,CU,COPPER (II) ION,[Cu+2],Cu+2,62.92850034018
M,SOD1,P00441,4A7U,ZN,ZINC ION,[Zn+2],Zn+2,63.92804504018
M,SOD1,P00441,4A7U,ACT,ACETATE ION,CC(=O)[O-],C2H3O2-,59.01385291591001
M,SOD1,P00441,4A7V,LDP,L-DOPAMINE,c1cc(c(cc1CCN)O)O,C8H11NO2,153.078978592
M,SOD1,P00441,4A7V,SO4,SULFATE ION,[O-]S(=O)(=O)[O-],O4S-2,95.95282663982
M,SOD1,P00441,4A7V,CU,COPPER (II) ION,[Cu+2],Cu+2,62.92850034018
M,SOD1,P00441,4A7V,ZN,ZINC ION,[Zn+2],Zn+2,63.92804504018
M,SOD1,P00441,4B3E,CU,COPPER (II) ION,[Cu+2],Cu+2,62.92850034018
M,SOD1,P00441,4B3E,ZN,ZINC ION,[Zn+2],Zn+2,63.92804504018
M,SOD1,P00441,4B3E,CO3,CARBONATE ION,C(=O)([O-])[O-],CO3-2,59.98584101982
M,SOD1,P00441,4B3E,SO4,SULFATE ION,[O-]S(=O)(=O)[O-],O4S-2,95.95282663982
M,SOD1,P00441,4BCY,CU,COPPER (II) ION,[Cu+2],Cu+2,62.92850034018
M,SOD1,P00441,4BCY,ZN,ZINC ION,[Zn+2],Zn+2,63.92804504018
M,SOD1,P00441,4BCY,CD,CADMIUM ION,[Cd+2],Cd+2,113.90226134017999
M,SOD1,P00441,4BCY,CL,CHLORIDE ION,[Cl-],Cl-,34.96940125991
M,SOD1,P00441,4BCZ,,,,,
M,SOD1,P00441,4BD4,GOL,GLYCEROL,C(C(CO)O)O,C3H8O3,92.047344116
M,SOD1,P00441,4FF9,CYS,CYSTEINE,C([C@@H](C(=O)O)N)S,C3H7NO2S,121.019749464
M,SOD1,P00441,4FF9,ZN,ZINC ION,[Zn+2],Zn+2,63.92804504018
M,SOD1,P00441,4FF9,CU,COPPER (II) ION,[Cu+2],Cu+2,62.92850034018
M,SOD1,P00441,4MCM,ZN,ZINC ION,[Zn+2],Zn+2,63.92804504018
M,SOD1,P00441,4MCM,SO4,SULFATE ION,[O-]S(=O)(=O)[O-],O4S-2,95.95282663982
M,SOD1,P00441,4MCN,SO4,SULFATE ION,[O-]S(=O)(=O)[O-],O4S-2,95.95282663982
M,SOD1,P00441,4NIN,ZN,ZINC ION,[Zn+2],Zn+2,63.92804504018
M,SOD1,P00441,4NIO,,,,,
M,SOD1,P00441,4NIP,,,,,
M,SOD1,P00441,4OH2,CU,COPPER (II) ION,[Cu+2],Cu+2,62.92850034018
M,SOD1,P00441,4OH2,ZN,ZINC ION,[Zn+2],Zn+2,63.92804504018
M,SOD1,P00441,4XCR,,,,,
M,SOD1,P00441,5DLI,GOL,GLYCEROL,C(C(CO)O)O,C3H8O3,92.047344116
M,SOD1,P00441,5DLI,IOD,IODIDE ION,[I-],I-,126.90502157991
M,SOD1,P00441,5IIW,,,,,
M,SOD1,P00441,5J07,,,,,
M,SOD1,P00441,5J0C,,,,,
M,SOD1,P00441,5J0F,GOL,GLYCEROL,C(C(CO)O)O,C3H8O3,92.047344116
M,SOD1,P00441,5J0G,,,,,
M,SOD1,P00441,5K02,CU,COPPER (II) ION,[Cu+2],Cu+2,62.92850034018
M,SOD1,P00441,5K02,ZN,ZINC ION,[Zn+2],Zn+2,63.92804504018
M,SOD1,P00441,5O3Y,ZN,ZINC ION,[Zn+2],Zn+2,63.92804504018
M,SOD1,P00441,5O3Y,9JK,~{N}-phenyl-2-sulfanyl-benzamide,c1ccc(cc1)NC(=O)c2ccccc2S,C13H11NOS,229.056134972
M,SOD1,P00441,5O3Y,SO4,SULFATE ION,[O-]S(=O)(=O)[O-],O4S-2,95.95282663982
M,SOD1,P00441,5O40,ZN,ZINC ION,[Zn+2],Zn+2,63.92804504018
M,SOD1,P00441,5O40,9JT,N-phenyl-2-selanylbenzamide,c1ccc(cc1)NC(=O)c2ccccc2[SeH],C13H11NOSe,277.000585272
M,SOD1,P00441,5O40,SO4,SULFATE ION,[O-]S(=O)(=O)[O-],O4S-2,95.95282663982
M,SOD1,P00441,5U9M,ZN,ZINC ION,[Zn+2],Zn+2,63.92804504018
M,SOD1,P00441,5WMJ,TFA,trifluoroacetic acid,C(=O)(C(F)(F)F)O,C2HF3O2,113.992863932
M,SOD1,P00441,5WOR,MLI,MALONATE ION,C(C(=O)[O-])C(=O)[O-],C3H2O4-2,101.99640570382002
M,SOD1,P00441,5WOR,GOL,GLYCEROL,C(C(CO)O)O,C3H8O3,92.047344116
M,SOD1,P00441,5YTO,ZN,ZINC ION,[Zn+2],Zn+2,63.92804504018
M,SOD1,P00441,5YTO,GOL,GLYCEROL,C(C(CO)O)O,C3H8O3,92.047344116
M,SOD1,P00441,5YTO,946,"4-[(1~{R})-2-(naphthalen-2-ylmethylamino)-1-oxidanyl-ethyl]benzene-1,2-diol",c1ccc2cc(ccc2c1)CNC[C@@H](c3ccc(c(c3)O)O)O,C19H19NO3,309.13649346799997
M,SOD1,P00441,5YTO,PS5,PENTASULFIDE-SULFUR,[S-]SSS[S-],S5-2,159.86145215982
M,SOD1,P00441,5YTU,5FW,ISOPRENALINE,CC(C)NC[C@@H](c1ccc(c(c1)O)O)O,C11H17NO3,211.120843404
M,SOD1,P00441,5YTU,ZN,ZINC ION,[Zn+2],Zn+2,63.92804504018
M,SOD1,P00441,5YTU,TAM,TRIS(HYDROXYETHYL)AMINOMETHANE,C(CO)C(CCO)(CCO)N,C7H17NO3,163.120843404
M,SOD1,P00441,5YTU,S4P,Dihydrogen tetrasulfide,SSSS,H2S4,129.903934064
M,SOD1,P00441,5YTU,GOL,GLYCEROL,C(C(CO)O)O,C3H8O3,92.047344116
M,SOD1,P00441,5YUL,ZN,ZINC ION,[Zn+2],Zn+2,63.92804504018
M,SOD1,P00441,5YUL,S4P,Dihydrogen tetrasulfide,SSSS,H2S4,129.903934064
M,SOD1,P00441,5YUL,GOL,GLYCEROL,C(C(CO)O)O,C3H8O3,92.047344116
M,SOD1,P00441,6A9O,ZN,ZINC ION,[Zn+2],Zn+2,63.92804504018
M,SOD1,P00441,6A9O,DMS,DIMETHYL SULFOXIDE,CS(=O)C,C2H6OS,78.013935812
M,SOD1,P00441,6A9O,GOL,GLYCEROL,C(C(CO)O)O,C3H8O3,92.047344116
M,SOD1,P00441,6A9O,S4P,Dihydrogen tetrasulfide,SSSS,H2S4,129.903934064
M,SOD1,P00441,6A9O,6B3,"2'-[(6-oxo-5,6-dihydrophenanthridin-3-yl)carbamoyl][1,1'-biphenyl]-2-carboxylic acid",c1ccc2c(c1)-c3ccc(cc3NC2=O)NC(=O)c4ccccc4c5ccccc5C(=O)O,C27H18N2O4,434.12665705599994
M,SOD1,P00441,6B79,ORA,"7-hydroxy-8-[(E)-phenyldiazenyl]naphthalene-1,3-disulfonic acid",c1ccc(cc1)/N=N/c2c(ccc3c2c(cc(c3)S(=O)(=O)O)S(=O)(=O)O)O,C16H12N2O7S2,408.00859272399987
M,SOD1,P00441,6DTK,ZN,ZINC ION,[Zn+2],Zn+2,63.92804504018
M,SOD1,P00441,6DTK,CU,COPPER (II) ION,[Cu+2],Cu+2,62.92850034018
M,SOD1,P00441,6DTK,MLI,MALONATE ION,C(C(=O)[O-])C(=O)[O-],C3H2O4-2,101.99640570382002
M,SOD1,P00441,6FFK,D7Z,"PtCl2(1(R),2(R)-DACH)",C1CC[C@@H]2[C@@H](C1)N[Pt](N2)(Cl)Cl,C6H12Cl2N2Pt,377.00254484400006
M,SOD1,P00441,6FLH,SO4,SULFATE ION,[O-]S(=O)(=O)[O-],O4S-2,95.95282663982
M,SOD1,P00441,6FLH,GOL,GLYCEROL,C(C(CO)O)O,C3H8O3,92.047344116
M,SOD1,P00441,6FOI,ZN,ZINC ION,[Zn+2],Zn+2,63.92804504018
M,SOD1,P00441,6FOI,SO4,SULFATE ION,[O-]S(=O)(=O)[O-],O4S-2,95.95282663982
M,SOD1,P00441,6FOL,ZN,ZINC ION,[Zn+2],Zn+2,63.92804504018
M,SOD1,P00441,6FOL,PE8,"3,6,9,12,15,18,21-HEPTAOXATRICOSANE-1,23-DIOL",C(COCCOCCOCCOCCOCCOCCOCCO)O,C16H34O9,370.2202826679999
M,SOD1,P00441,6FOL,GOL,GLYCEROL,C(C(CO)O)O,C3H8O3,92.047344116
M,SOD1,P00441,6FON,ZN,ZINC ION,[Zn+2],Zn+2,63.92804504018
M,SOD1,P00441,6FP6,ZN,ZINC ION,[Zn+2],Zn+2,63.92804504018
M,SOD1,P00441,6FP6,PPI,PROPANOIC ACID,CCC(=O)O,C3H6O2,74.036779432
M,SOD1,P00441,6FP6,GOL,GLYCEROL,C(C(CO)O)O,C3H8O3,92.047344116
M,SOD1,P00441,6SPA,ZN,ZINC ION,[Zn+2],Zn+2,63.92804504018
M,SOD1,P00441,6SPA,GOL,GLYCEROL,C(C(CO)O)O,C3H8O3,92.047344116
M,SOD1,P00441,6SPA,DMS,DIMETHYL SULFOXIDE,CS(=O)C,C2H6OS,78.013935812
M,SOD1,P00441,6SPA,SO4,SULFATE ION,[O-]S(=O)(=O)[O-],O4S-2,95.95282663982
M,SOD1,P00441,6SPH,ZN,ZINC ION,[Zn+2],Zn+2,63.92804504018
M,SOD1,P00441,6SPH,9JT,N-phenyl-2-selanylbenzamide,c1ccc(cc1)NC(=O)c2ccccc2[SeH],C13H11NOSe,277.000585272
M,SOD1,P00441,6SPH,GOL,GLYCEROL,C(C(CO)O)O,C3H8O3,92.047344116
M,SOD1,P00441,6SPH,SO4,SULFATE ION,[O-]S(=O)(=O)[O-],O4S-2,95.95282663982
M,SOD1,P00441,6SPH,DMS,DIMETHYL SULFOXIDE,CS(=O)C,C2H6OS,78.013935812
M,SOD1,P00441,6SPI,LQW,~{N}-[(4-chlorophenyl)methyl]-2-selanyl-benzamide,c1ccc(c(c1)C(=O)NCc2ccc(cc2)Cl)[SeH],C14H12ClNOSe,324.977262984
M,SOD1,P00441,6SPI,ZN,ZINC ION,[Zn+2],Zn+2,63.92804504018
M,SOD1,P00441,6SPI,SO4,SULFATE ION,[O-]S(=O)(=O)[O-],O4S-2,95.95282663982
M,SOD1,P00441,6SPJ,ZN,ZINC ION,[Zn+2],Zn+2,63.92804504018
M,SOD1,P00441,6SPJ,LR2,~{N}-pyridin-2-yl-2-selanyl-benzamide,c1ccc(c(c1)C(=O)Nc2ccccn2)[SeH],C12H10N2OSe,277.99583423999997
M,SOD1,P00441,6SPJ,SO4,SULFATE ION,[O-]S(=O)(=O)[O-],O4S-2,95.95282663982
M,SOD1,P00441,6SPJ,GOL,GLYCEROL,C(C(CO)O)O,C3H8O3,92.047344116
M,SOD1,P00441,6SPJ,DMS,DIMETHYL SULFOXIDE,CS(=O)C,C2H6OS,78.013935812
M,SOD1,P00441,6SPJ,CL,CHLORIDE ION,[Cl-],Cl-,34.96940125991
M,SOD1,P00441,6SPK,ZN,ZINC ION,[Zn+2],Zn+2,63.92804504018
M,SOD1,P00441,6SPK,LQN,2-selanyl-~{N}-[3-[4-(trifluoromethyl)phenyl]phenyl]benzamide,c1ccc(c(c1)C(=O)Nc2cccc(c2)c3ccc(cc3)C(F)(F)F)[SeH],C20H14F3NOSe,421.019270028
M,SOD1,P00441,6SPK,SO4,SULFATE ION,[O-]S(=O)(=O)[O-],O4S-2,95.95282663982
M,SOD1,P00441,6SPK,GOL,GLYCEROL,C(C(CO)O)O,C3H8O3,92.047344116
M,SOD1,P00441,6SPK,CL,CHLORIDE ION,[Cl-],Cl-,34.96940125991
M,SOD1,P00441,6SPK,DMS,DIMETHYL SULFOXIDE,CS(=O)C,C2H6OS,78.013935812
M,SOD1,P00441,6SPK,NA,SODIUM ION,[Na+],Na+,22.98922070009
M,SOD1,P00441,6Z3V,ZN,ZINC ION,[Zn+2],Zn+2,63.92804504018
M,SOD1,P00441,6Z3V,Q6H,5-fluoranyl-~{N}-(3-morpholin-4-ylcarbonylphenyl)-2-selanyl-benzamide,c1cc(cc(c1)NC(=O)c2cc(ccc2[SeH])F)C(=O)N3CCOCC3,C18H17FN2O3Se,408.038841924
M,SOD1,P00441,6Z3V,SO4,SULFATE ION,[O-]S(=O)(=O)[O-],O4S-2,95.95282663982
M,SOD1,P00441,6Z4G,ZN,ZINC ION,[Zn+2],Zn+2,63.92804504018
M,SOD1,P00441,6Z4G,ACT,ACETATE ION,CC(=O)[O-],C2H3O2-,59.01385291591001
M,SOD1,P00441,6Z4G,9JT,N-phenyl-2-selanylbenzamide,c1ccc(cc1)NC(=O)c2ccccc2[SeH],C13H11NOSe,277.000585272
M,SOD1,P00441,6Z4G,SO4,SULFATE ION,[O-]S(=O)(=O)[O-],O4S-2,95.95282663982
M,SOD1,P00441,6Z4G,CL,CHLORIDE ION,[Cl-],Cl-,34.96940125991
M,SOD1,P00441,6Z4H,ZN,ZINC ION,[Zn+2],Zn+2,63.92804504018
M,SOD1,P00441,6Z4H,LQW,~{N}-[(4-chlorophenyl)methyl]-2-selanyl-benzamide,c1ccc(c(c1)C(=O)NCc2ccc(cc2)Cl)[SeH],C14H12ClNOSe,324.977262984
M,SOD1,P00441,6Z4H,SO4,SULFATE ION,[O-]S(=O)(=O)[O-],O4S-2,95.95282663982
M,SOD1,P00441,6Z4I,ZN,ZINC ION,[Zn+2],Zn+2,63.92804504018
M,SOD1,P00441,6Z4I,ACT,ACETATE ION,CC(=O)[O-],C2H3O2-,59.01385291591001
M,SOD1,P00441,6Z4I,SO4,SULFATE ION,[O-]S(=O)(=O)[O-],O4S-2,95.95282663982
M,SOD1,P00441,6Z4I,Q85,~{N}-[(4-methoxyphenyl)methyl]-2-selanyl-benzamide,COc1ccc(cc1)CNC(=O)c2ccccc2[SeH],C15H15NO2Se,321.02680002000005
M,SOD1,P00441,6Z4J,ZN,ZINC ION,[Zn+2],Zn+2,63.92804504018
M,SOD1,P00441,6Z4J,Q7W,~{N}-[(3-chlorophenyl)methyl]-2-selanyl-benzamide,c1ccc(c(c1)C(=O)NCc2cccc(c2)Cl)[SeH],C14H12ClNOSe,324.977262984
M,SOD1,P00441,6Z4J,CL,CHLORIDE ION,[Cl-],Cl-,34.96940125991
M,SOD1,P00441,6Z4K,Q7N,~{N}-[(3-methoxyphenyl)methyl]-2-selanyl-benzamide,COc1cccc(c1)CNC(=O)c2ccccc2[SeH],C15H15NO2Se,321.02680002000005
M,SOD1,P00441,6Z4K,ZN,ZINC ION,[Zn+2],Zn+2,63.92804504018
M,SOD1,P00441,6Z4K,CL,CHLORIDE ION,[Cl-],Cl-,34.96940125991
M,SOD1,P00441,6Z4L,Q8H,~{N}-(pyridin-3-ylmethyl)-2-selanyl-benzamide,c1ccc(c(c1)C(=O)NCc2cccnc2)[SeH],C13H12N2OSe,292.01148430399996
M,SOD1,P00441,6Z4L,ZN,ZINC ION,[Zn+2],Zn+2,63.92804504018
M,SOD1,P00441,6Z4L,SO4,SULFATE ION,[O-]S(=O)(=O)[O-],O4S-2,95.95282663982
M,SOD1,P00441,6Z4M,Q8E,~{N}-[(6-methoxypyridin-3-yl)methyl]-2-selanyl-benzamide,COc1ccc(cn1)CNC(=O)c2ccccc2[SeH],C14H14N2O2Se,322.022048988
M,SOD1,P00441,6Z4M,ZN,ZINC ION,[Zn+2],Zn+2,63.92804504018
M,SOD1,P00441,6Z4M,CL,CHLORIDE ION,[Cl-],Cl-,34.96940125991
M,SOD1,P00441,6Z4M,SO4,SULFATE ION,[O-]S(=O)(=O)[O-],O4S-2,95.95282663982
M,SOD1,P00441,6Z4O,ZN,ZINC ION,[Zn+2],Zn+2,63.92804504018
M,SOD1,P00441,6Z4O,Q7T,~{N}-(phenylmethyl)-2-selanyl-benzamide,c1ccc(cc1)CNC(=O)c2ccccc2[SeH],C14H13NOSe,291.016235336
M,SOD1,P00441,6Z4O,SO4,SULFATE ION,[O-]S(=O)(=O)[O-],O4S-2,95.95282663982
M,SOD1,P00441,7CJV,,,,,
M,SOD1,P00441,7CJW,,,,,
M,SOD1,P00441,7FB6,ZN,ZINC ION,[Zn+2],Zn+2,63.92804504018
M,SOD1,P00441,7FB6,CU,COPPER (II) ION,[Cu+2],Cu+2,62.92850034018
M,SOD1,P00441,7FB6,CL,CHLORIDE ION,[Cl-],Cl-,34.96940125991
M,SOD1,P00441,7FB9,ZN,ZINC ION,[Zn+2],Zn+2,63.92804504018
M,SOD1,P00441,7FB9,CU,COPPER (II) ION,[Cu+2],Cu+2,62.92850034018
M,SOD1,P00441,7NXX,CU,COPPER (II) ION,[Cu+2],Cu+2,62.92850034018
M,SOD1,P00441,7NXX,ZN,ZINC ION,[Zn+2],Zn+2,63.92804504018
M,SOD1,P00441,7T8E,ZN,ZINC ION,[Zn+2],Zn+2,63.92804504018
M,SOD1,P00441,7T8E,ACT,ACETATE ION,CC(=O)[O-],C2H3O2-,59.01385291591001
M,SOD1,P00441,7T8E,SO4,SULFATE ION,[O-]S(=O)(=O)[O-],O4S-2,95.95282663982
M,SOD1,P00441,7T8F,ZN,ZINC ION,[Zn+2],Zn+2,63.92804504018
M,SOD1,P00441,7T8F,ACT,ACETATE ION,CC(=O)[O-],C2H3O2-,59.01385291591001
M,SOD1,P00441,7T8F,9JT,N-phenyl-2-selanylbenzamide,c1ccc(cc1)NC(=O)c2ccccc2[SeH],C13H11NOSe,277.000585272
M,SOD1,P00441,7T8G,ZN,ZINC ION,[Zn+2],Zn+2,63.92804504018
M,SOD1,P00441,7T8G,Q8H,~{N}-(pyridin-3-ylmethyl)-2-selanyl-benzamide,c1ccc(c(c1)C(=O)NCc2cccnc2)[SeH],C13H12N2OSe,292.01148430399996
M,SOD1,P00441,7T8G,ACT,ACETATE ION,CC(=O)[O-],C2H3O2-,59.01385291591001
M,SOD1,P00441,7T8G,SO4,SULFATE ION,[O-]S(=O)(=O)[O-],O4S-2,95.95282663982
M,SOD1,P00441,7T8G,SE,SELENIUM ATOM,[SeH2],H2Se,81.932171364
M,SOD1,P00441,7T8H,ZN,ZINC ION,[Zn+2],Zn+2,63.92804504018
M,SOD1,P00441,7T8H,ACT,ACETATE ION,CC(=O)[O-],C2H3O2-,59.01385291591001
M,SOD1,P00441,7T8H,Q8E,~{N}-[(6-methoxypyridin-3-yl)methyl]-2-selanyl-benzamide,COc1ccc(cn1)CNC(=O)c2ccccc2[SeH],C14H14N2O2Se,322.022048988
M,SOD1,P00441,7T8H,SO4,SULFATE ION,[O-]S(=O)(=O)[O-],O4S-2,95.95282663982
M,SOD1,P00441,7VZF,,,,,
M,SOD1,P00441,7XX3,ZN,ZINC ION,[Zn+2],Zn+2,63.92804504018
M,SOD1,P00441,7XX3,GOL,GLYCEROL,C(C(CO)O)O,C3H8O3,92.047344116
M,SOD1,P00441,7XX3,I2G,"(2~{E},4~{E},6~{S})-4,6-dimethyldeca-2,4-dienoic acid",CCCC[C@H](C)/C=C(\C)/C=C/C(=O)O,C12H20O2,196.14632988
M,SOD1,P00441,7XX3,DMS,DIMETHYL SULFOXIDE,CS(=O)C,C2H6OS,78.013935812
M,SOD1,P00441,8CCX,CU,COPPER (II) ION,[Cu+2],Cu+2,62.92850034018
M,SOD1,P00441,8CCX,ZN,ZINC ION,[Zn+2],Zn+2,63.92804504018
M,SOD1,P00441,8CCX,SO4,SULFATE ION,[O-]S(=O)(=O)[O-],O4S-2,95.95282663982
M,SOD1,P00441,8CCX,UDI,"butane-1,4-dithiol",C(CCS)CS,C4H10S2,122.02239232
M,SOD1,P00441,8CCX,DMS,DIMETHYL SULFOXIDE,CS(=O)C,C2H6OS,78.013935812
M,SOD1,P00441,8GSQ,ZN,ZINC ION,[Zn+2],Zn+2,63.92804504018
M,SOD1,P00441,8GSQ,GOL,GLYCEROL,C(C(CO)O)O,C3H8O3,92.047344116
M,SOD1,P00441,8GSQ,K4I,"(9~{R})-3-[2-[4-(6-fluoranyl-1,2-benzoxazol-3-yl)piperidin-1-yl]ethyl]-2-methyl-9-oxidanyl-6,7,8,9-tetrahydropyrido[1,2-a]pyrimidin-4-one",CC1=C(C(=O)N2CCC[C@H](C2=N1)O)CCN3CCC(CC3)c4c5ccc(cc5on4)F,C23H27FN4O3,426.206718944
M,SOD1,P00441,8IHU,,,,,
M,SOD1,P00441,8IHV,,,,,
M,SOD1,P00441,8K33,ZN,ZINC ION,[Zn+2],Zn+2,63.92804504018
M,SOD1,P00441,8K3A,ZN,ZINC ION,[Zn+2],Zn+2,63.92804504018
M,SOD1,P00441,8K3L,CU,COPPER (II) ION,[Cu+2],Cu+2,62.92850034018
M,SOD1,P00441,8K3L,ZN,ZINC ION,[Zn+2],Zn+2,63.92804504018
M,SOD1,P00441,8Q6M,ACT,ACETATE ION,CC(=O)[O-],C2H3O2-,59.01385291591001
M,SOD1,P00441,8Q6M,ZN,ZINC ION,[Zn+2],Zn+2,63.92804504018
M,SOD1,P00441,8Q6M,CU,COPPER (II) ION,[Cu+2],Cu+2,62.92850034018
M,SOD1,P00441,8Q6M,SO4,SULFATE ION,[O-]S(=O)(=O)[O-],O4S-2,95.95282663982
M,SOD1,P00441,8YAF,ZN,ZINC ION,[Zn+2],Zn+2,63.92804504018
M,SOD1,P00441,8YAT,ZN,ZINC ION,[Zn+2],Zn+2,63.92804504018
M,SOD1,P00441,8YD3,ZN,ZINC ION,[Zn+2],Zn+2,63.92804504018
M,SOD1,P00441,8YD3,GOL,GLYCEROL,C(C(CO)O)O,C3H8O3,92.047344116
M,SOD1,P00441,8YD3,A1LYN,"(2S)-decane-1,2,10-triol",C(CCCCO)CCC[C@@H](CO)O,C10H22O3,190.156894564
M,SOD1,P00441,9IYK,CU,COPPER (II) ION,[Cu+2],Cu+2,62.92850034018
M,SOD1,P00441,9IYK,ZN,ZINC ION,[Zn+2],Zn+2,63.92804504018
M,SOD1,P00441,9IYK,ACT,ACETATE ION,CC(=O)[O-],C2H3O2-,59.01385291591001
M,SOD1,P00441,9IYK,SO4,SULFATE ION,[O-]S(=O)(=O)[O-],O4S-2,95.95282663982
M,SOD1,P00441,9JBO,,,,,
M,SOD1,P00441,9JBP,,,,,
M,SOD1,P00441,9MIL,SO4,SULFATE ION,[O-]S(=O)(=O)[O-],O4S-2,95.95282663982
M,SOD1,P00441,9MIL,PG4,TETRAETHYLENE GLYCOL,C(COCCOCCOCCO)O,C8H18O5,194.115423676
M,SOD1,P00441,9MIL,PEG,DI(HYDROXYETHYL)ETHER,C(COCCO)O,C4H10O3,106.06299418
M,DUX4,Q9UBX2,5Z2S,,,,,
M,DUX4,Q9UBX2,5Z2T,,,,,
M,DUX4,Q9UBX2,5Z6Z,,,,,
M,DUX4,Q9UBX2,5ZFW,,,,,
M,DUX4,Q9UBX2,5ZFY,,,,,
M,DUX4,Q9UBX2,5ZFZ,,,,,
M,DUX4,Q9UBX2,6A8R,,,,,
M,DUX4,Q9UBX2,6DFY,,,,,
M,DUX4,Q9UBX2,6E8C,,,,,
M,DUX4,Q9UBX2,6U81,EDO,"1,2-ETHANEDIOL",C(CO)O,C2H6O2,62.036779432
M,DUX4,Q9UBX2,6U82,,,,,
M,mut HTT,P42858,2LD0,,,,,
M,mut HTT,P42858,2LD2,,,,,
M,mut HTT,P42858,3IO4,ZN,ZINC ION,[Zn+2],Zn+2,63.92804504018
M,mut HTT,P42858,3IO4,CA,CALCIUM ION,[Ca+2],Ca+2,39.96149382018
M,mut HTT,P42858,3IO6,ZN,ZINC ION,[Zn+2],Zn+2,63.92804504018
M,mut HTT,P42858,3IO6,CA,CALCIUM ION,[Ca+2],Ca+2,39.96149382018
M,mut HTT,P42858,3IOR,ZN,ZINC ION,[Zn+2],Zn+2,63.92804504018
M,mut HTT,P42858,3IOR,CA,CALCIUM ION,[Ca+2],Ca+2,39.96149382018
M,mut HTT,P42858,3IOT,ZN,ZINC ION,[Zn+2],Zn+2,63.92804504018
M,mut HTT,P42858,3IOT,CA,CALCIUM ION,[Ca+2],Ca+2,39.96149382018
M,mut HTT,P42858,3IOU,ZN,ZINC ION,[Zn+2],Zn+2,63.92804504018
M,mut HTT,P42858,3IOU,CA,CALCIUM ION,[Ca+2],Ca+2,39.96149382018
M,mut HTT,P42858,3IOV,ZN,ZINC ION,[Zn+2],Zn+2,63.92804504018
M,mut HTT,P42858,3IOV,CA,CALCIUM ION,[Ca+2],Ca+2,39.96149382018
M,mut HTT,P42858,3IOW,ZN,ZINC ION,[Zn+2],Zn+2,63.92804504018
M,mut HTT,P42858,3IOW,CA,CALCIUM ION,[Ca+2],Ca+2,39.96149382018
M,mut HTT,P42858,3LRH,,,,,
M,mut HTT,P42858,4FE8,ZN,ZINC ION,[Zn+2],Zn+2,63.92804504018
M,mut HTT,P42858,4FEB,ZN,ZINC ION,[Zn+2],Zn+2,63.92804504018
M,mut HTT,P42858,4FEB,NA,SODIUM ION,[Na+],Na+,22.98922070009
M,mut HTT,P42858,4FEC,ZN,ZINC ION,[Zn+2],Zn+2,63.92804504018
M,mut HTT,P42858,4FED,ZN,ZINC ION,[Zn+2],Zn+2,63.92804504018
M,mut HTT,P42858,4FED,CA,CALCIUM ION,[Ca+2],Ca+2,39.96149382018
M,mut HTT,P42858,4RAV,,,,,
M,mut HTT,P42858,6EZ8,,,,,
M,mut HTT,P42858,6N8C,,,,,
M,mut HTT,P42858,6RMH,,,,,
M,mut HTT,P42858,6X9O,,,,,
M,mut HTT,P42858,6YEJ,,,,,
M,mut HTT,P42858,7DXJ,,,,,
M,mut HTT,P42858,7DXK,,,,,
M,mut HTT,P42858,8R2O,,,,,
M,mut HTT,P42858,8SAH,,,,,
M,mut HTT,P42858,8VLX,A1ACS,"N-[(1S,2R)-2-benzylcyclopentyl]-N'-{1-[(1S)-1-(pyridin-4-yl)ethyl]piperidin-4-yl}urea",C[C@@H](c1ccncc1)N2CCC(CC2)NC(=O)N[C@H]3CCC[C@@H]3Cc4ccccc4,C25H34N4O,406.273261708
M,mut HTT,P42858,8W15,,,,,
M,mut HTT,P42858,8YAE,,,,,
M,mut HTT,P42858,8YAO,,,,,
M,mut HTT,P42858,9PMW,,,,,
M,mut HTT,P42858,9PN0,,,,,
M,FUS,P35637,2LA6,,,,,
M,FUS,P35637,2LCW,,,,,
M,FUS,P35637,4FDD,,,,,
M,FUS,P35637,4FQ3,,,,,
M,FUS,P35637,5W3N,,,,,
M,FUS,P35637,5XRR,ZN,ZINC ION,[Zn+2],Zn+2,63.92804504018
M,FUS,P35637,5XSG,,,,,
M,FUS,P35637,5YVG,,,,,
M,FUS,P35637,5YVH,,,,,
M,FUS,P35637,5YVI,,,,,
M,FUS,P35637,6BWZ,,,,,
M,FUS,P35637,6BXV,,,,,
M,FUS,P35637,6BZP,TOE,2-[2-(2-METHOXY-ETHOXY)-ETHOXY]-ETHOXYL,COCCOCCOCCO,C7H16O4,164.104858992
M,FUS,P35637,6G99,ZN,ZINC ION,[Zn+2],Zn+2,63.92804504018
M,FUS,P35637,6GBM,,,,,
M,FUS,P35637,6KJ1,,,,,
M,FUS,P35637,6KJ2,,,,,
M,FUS,P35637,6KJ3,,,,,
M,FUS,P35637,6KJ4,,,,,
M,FUS,P35637,6SNJ,,,,,
M,FUS,P35637,6XFM,,,,,
M,FUS,P35637,7CYL,,,,,
M,FUS,P35637,7VQQ,,,,,
M,ATXN3,P54252,1YZB,,,,,
M,ATXN3,P54252,2AGA,,,,,
M,ATXN3,P54252,2DOS,,,,,
M,ATXN3,P54252,2JRI,,,,,
M,ATXN3,P54252,2KLZ,,,,,
M,ATXN3,P54252,4WTH,ZN,ZINC ION,[Zn+2],Zn+2,63.92804504018
M,ATXN3,P54252,4YS9,ZN,ZINC ION,[Zn+2],Zn+2,63.92804504018
M,STAG1,Q8WVM7,5QSM,O2D,"2-cyclohexyl-N-(4H-1,2,4-triazol-4-yl)acetamide",c1nncn1NC(=O)CC2CCCCC2,C10H16N4O,208.132411132
M,STAG1,Q8WVM7,5QSN,O2J,(2R)-2-(methoxymethyl)-4-(pyridin-2-yl)morpholine,COC[C@H]1CN(CCO1)c2ccccn2,C11H16N2O2,208.121177752
M,STAG1,Q8WVM7,5QSO,O2M,"N-[(4-methyl-1,3-thiazol-2-yl)methyl]-1H-pyrazole-5-carboxamide",Cc1csc(n1)CNC(=O)c2ccn[nH]2,C9H10N4OS,222.05753194
M,STAG1,Q8WVM7,5QSP,LVV,"4-[(4-methylphenyl)methyl]-1,4-thiazinane 1,1-dioxide",Cc1ccc(cc1)CN2CCS(=O)(=O)CC2,C12H17NO2S,239.097999784
M,STAG1,Q8WVM7,5QSQ,HR5,"~{N}-(cyclobutylmethyl)-1,5-dimethyl-pyrazole-4-carboxamide",Cc1c(cnn1C)C(=O)NCC2CCC2,C11H17N3O,207.137162164
M,STAG1,Q8WVM7,5QSR,NU4,2-methyl-N-(pyridin-4-yl)furan-3-carboxamide,Cc1c(cco1)C(=O)Nc2ccncc2,C11H10N2O2,202.07422756
M,STAG1,Q8WVM7,5QSS,O2P,N-(2-hydroxy-4-methylphenyl)-2-methylbenzamide,Cc1ccc(c(c1)O)NC(=O)c2ccccc2C,C15H15NO2,241.11027872
M,STAG1,Q8WVM7,5QST,O3A,(3S)-N-methyl-N-phenylpyrrolidine-3-carboxamide,CN(c1ccccc1)C(=O)[C@H]2CCNC2,C12H16N2O,204.126263132
M,STAG1,Q8WVM7,5QSU,O3D,"4-[(furan-2-yl)methyl]-1lambda~6~,4-thiazinane-1,1-dione",c1cc(oc1)CN2CCS(=O)(=O)CC2,C9H13NO3S,215.061614276
M,STAG1,Q8WVM7,5QSV,O3G,N-benzyl-1-(4-fluorophenyl)methanamine,c1ccc(cc1)CNCc2ccc(cc2)F,C14H14FN,215.111027668
M,STAG1,Q8WVM7,5QSW,O3J,1-[4-(3-phenylpropyl)piperazin-1-yl]ethan-1-one,CC(=O)N1CCN(CC1)CCCc2ccccc2,C15H22N2O,246.173213324
M,STAG1,Q8WVM7,5QSX,O3M,"4-[(3,4-dihydroisoquinolin-2(1H)-yl)methyl]phenol",c1ccc2c(c1)CCN(C2)Cc3ccc(cc3)O,C16H17NO,239.131014164
M,STAG1,Q8WVM7,5QSY,K0J,"N-ethyl-1H-1,2,3-triazole-4-carboxamide",CCNC(=O)c1c[nH]nn1,C5H8N4O,140.069810876
M,STAG1,Q8WVM7,5QSZ,K3J,N-ethyl-6-methylpyridazin-3-amine,CCNc1ccc(nn1)C,C7H11N3,137.095297352
M,STAG1,Q8WVM7,6QB5,NA,SODIUM ION,[Na+],Na+,22.98922070009
M,STAG1,Q8WVM7,6R7O,,,,,
M,STAG1,Q8WVM7,6RRC,SO4,SULFATE ION,[O-]S(=O)(=O)[O-],O4S-2,95.95282663982
M,STAG1,Q8WVM7,6RRK,,,,,
M,STAG1,Q8WVM7,6WG3,,,,,
M,STAG1,Q8WVM7,7W1M,,,,,
M,PELO,Q9BRX2,1X52,,,,,
M,PELO,Q9BRX2,5EO3,,,,,
M,PELO,Q9BRX2,5LZW,,,,,
M,PELO,Q9BRX2,5LZX,,,,,
M,PELO,Q9BRX2,5LZY,,,,,
M,PELO,Q9BRX2,5LZZ,,,,,
M,NXT1,Q9UKK6,1JKG,,,,,
M,NXT1,Q9UKK6,1JN5,,,,,
M,NXT1,Q9UKK6,4WYK,,,,,
M,NXT1,Q9UKK6,6E5U,,,,,
M,NXT1,Q9UKK6,9I8A,,,,,
M,KIDINS220,Q9ULH0,9JXQ,,,,,
M,aSyn,P37840,1XQ8,,,,,
M,aSyn,P37840,2JN5,,,,,
M,aSyn,P37840,2KKW,,,,,
M,aSyn,P37840,2M55,,,,,
M,aSyn,P37840,2N0A,,,,,
M,aSyn,P37840,2X6M,,,,,
M,aSyn,P37840,3Q25,SO4,SULFATE ION,[O-]S(=O)(=O)[O-],O4S-2,95.95282663982
M,aSyn,P37840,3Q25,GOL,GLYCEROL,C(C(CO)O)O,C3H8O3,92.047344116
M,aSyn,P37840,3Q26,GOL,GLYCEROL,C(C(CO)O)O,C3H8O3,92.047344116
M,aSyn,P37840,3Q26,SO4,SULFATE ION,[O-]S(=O)(=O)[O-],O4S-2,95.95282663982
M,aSyn,P37840,3Q27,SO4,SULFATE ION,[O-]S(=O)(=O)[O-],O4S-2,95.95282663982
M,aSyn,P37840,3Q27,GOL,GLYCEROL,C(C(CO)O)O,C3H8O3,92.047344116
M,aSyn,P37840,3Q28,SO4,SULFATE ION,[O-]S(=O)(=O)[O-],O4S-2,95.95282663982
M,aSyn,P37840,3Q29,GOL,GLYCEROL,C(C(CO)O)O,C3H8O3,92.047344116
M,aSyn,P37840,3Q29,SO4,SULFATE ION,[O-]S(=O)(=O)[O-],O4S-2,95.95282663982
M,aSyn,P37840,4BXL,,,,,
M,aSyn,P37840,4R0U,,,,,
M,aSyn,P37840,4R0W,,,,,
M,aSyn,P37840,4RIK,,,,,
M,aSyn,P37840,4RIL,,,,,
M,aSyn,P37840,4ZNN,,,,,
M,aSyn,P37840,5CRW,,,,,
M,aSyn,P37840,6A6B,,,,,
M,aSyn,P37840,6CT7,,,,,
M,aSyn,P37840,6CU7,,,,,
M,aSyn,P37840,6CU8,,,,,
M,aSyn,P37840,6H6B,,,,,
M,aSyn,P37840,6I42,,,,,
M,aSyn,P37840,6L1T,,,,,
M,aSyn,P37840,6L1U,,,,,
M,aSyn,P37840,6L4S,,,,,
M,aSyn,P37840,6LRQ,,,,,
M,aSyn,P37840,6OSJ,,,,,
M,aSyn,P37840,6OSL,,,,,
M,aSyn,P37840,6OSM,,,,,
M,aSyn,P37840,6PEO,,,,,
M,aSyn,P37840,6PES,,,,,
M,aSyn,P37840,6RT0,,,,,
M,aSyn,P37840,6RTB,,,,,
M,aSyn,P37840,6SST,,,,,
M,aSyn,P37840,6SSX,,,,,
M,aSyn,P37840,6UFR,,,,,
M,aSyn,P37840,6XYO,,,,,
M,aSyn,P37840,6XYP,,,,,
M,aSyn,P37840,6XYQ,,,,,
M,aSyn,P37840,7C1D,,,,,
M,aSyn,P37840,7E0F,,,,,
M,aSyn,P37840,7L7H,,,,,
M,aSyn,P37840,7LC9,,,,,
M,aSyn,P37840,7NCA,,,,,
M,aSyn,P37840,7NCG,,,,,
M,aSyn,P37840,7NCH,,,,,
M,aSyn,P37840,7NCI,,,,,
M,aSyn,P37840,7NCJ,,,,,
M,aSyn,P37840,7NCK,,,,,
M,aSyn,P37840,7OZG,,,,,
M,aSyn,P37840,7OZH,,,,,
M,aSyn,P37840,7STX,COA,COENZYME A,CC(C)(CO[P@](=O)(O)O[P@@](=O)(O)OC[C@@H]1[C@H]([C@H]([C@@H](O1)n2cnc3c2ncnc3N)O)OP(=O)(O)O)[C@H](C(=O)NCCC(=O)NCCS)O,C21H36N7O16P3S,767.1152089620001
M,aSyn,P37840,7UAK,,,,,
M,aSyn,P37840,7V47,,,,,
M,aSyn,P37840,7V48,,,,,
M,aSyn,P37840,7V49,,,,,
M,aSyn,P37840,7V4A,,,,,
M,aSyn,P37840,7V4B,,,,,
M,aSyn,P37840,7V4C,,,,,
M,aSyn,P37840,7V4D,,,,,
M,aSyn,P37840,7WMM,1KI,"2-bromanyl-4-[(~{E})-2-[6-[2-(2-fluoranylethoxy)ethyl-methyl-amino]-5-methyl-1,3-benzothiazol-2-yl]ethenyl]phenol",Cc1cc2c(cc1N(C)CCOCCF)sc(n2)/C=C/c3ccc(c(c3)Br)O,C21H22BrFN2O2S,464.056939264
M,aSyn,P37840,7WNZ,,,,,
M,aSyn,P37840,7WO0,,,,,
M,aSyn,P37840,7XJX,,,,,
M,aSyn,P37840,7XO0,,,,,
M,aSyn,P37840,7XO1,,,,,
M,aSyn,P37840,7XO2,,,,,
M,aSyn,P37840,7XO3,,,,,
M,aSyn,P37840,7YK2,,,,,
M,aSyn,P37840,7YK8,,,,,
M,aSyn,P37840,7YNF,V79,"copper;trisodium;18-(2-carboxylatoethyl)-20-(carboxylatomethyl)-12-ethenyl-7-ethyl-3,8,13,17-tetramethyl-17,18-dihydroporphyrin-21,23-diide-2-carboxylate",CCC1=C(c2cc3c(c(c4n3[Cu]56[n+]2c1cc7n5c(c(c8[n+]6c(c4)C(C8CCC(=O)O)C)CC(=O)O)c(c7C)C(=O)O)C)C=C)C,C34H34CuN4O6+2,657.17633514818
M,aSyn,P37840,7YNG,,,,,
M,aSyn,P37840,7YNL,IZ8,"4-azanyl-6-[[4-[4-[(~{E})-(8-azanyl-1-oxidanyl-5,7-disulfo-naphthalen-2-yl)diazenyl]-3-methyl-phenyl]-2-methyl-phenyl]diazenyl]-5-oxidanyl-naphthalene-1,3-disulfonic acid",Cc1cc(ccc1N=Nc2ccc3c(cc(c(c3c2O)N)S(=O)(=O)O)S(=O)(=O)O)c4ccc(c(c4)C)/N=N/c5ccc6c(cc(c(c6c5O)N)S(=O)(=O)O)S(=O)(=O)O,C34H28N6O14S4,872.054633576
M,aSyn,P37840,7YNM,TFX,"2-[4-(dimethylamino)phenyl]-3,6-dimethyl-1,3-benzothiazol-3-ium",Cc1ccc2c(c1)sc([n+]2C)c3ccc(cc3)N(C)C,C17H19N2S+,283.12634602809004
M,aSyn,P37840,7YNN,TFX,"2-[4-(dimethylamino)phenyl]-3,6-dimethyl-1,3-benzothiazol-3-ium",Cc1ccc2c(c1)sc([n+]2C)c3ccc(cc3)N(C)C,C17H19N2S+,283.12634602809004
M,aSyn,P37840,7YNO,IZV,"2-[4-(methylamino)phenyl]-1,3-benzothiazol-6-ol",CNc1ccc(cc1)c2nc3ccc(cc3s2)O,C14H12N2OS,256.067034004
M,aSyn,P37840,7YNP,IZM,"5-[(~{E})-2-(6-methoxy-1,3-benzoxazol-2-yl)ethenyl]-~{N},~{N}-dimethyl-1,3-thiazol-2-amine",CN(C)c1ncc(s1)/C=C/c2nc3ccc(cc3o2)OC,C15H15N3O2S,301.08849771999996
M,aSyn,P37840,7YNQ,IZV,"2-[4-(methylamino)phenyl]-1,3-benzothiazol-6-ol",CNc1ccc(cc1)c2nc3ccc(cc3s2)O,C14H12N2OS,256.067034004
M,aSyn,P37840,7YNR,,,,,
M,aSyn,P37840,7YNS,,,,,
M,aSyn,P37840,7YNT,,,,,
M,aSyn,P37840,8A4L,,,,,
M,aSyn,P37840,8A9L,,,,,
M,aSyn,P37840,8ADS,,,,,
M,aSyn,P37840,8ADU,,,,,
M,aSyn,P37840,8ADV,,,,,
M,aSyn,P37840,8ADW,,,,,
M,aSyn,P37840,8AEX,,,,,
M,aSyn,P37840,8B9V,ZN,ZINC ION,[Zn+2],Zn+2,63.92804504018
M,aSyn,P37840,8BQV,,,,,
M,aSyn,P37840,8BQW,,,,,
M,aSyn,P37840,8CE7,,,,,
M,aSyn,P37840,8CEB,,,,,
M,aSyn,P37840,8CYR,,,,,
M,aSyn,P37840,8CYS,,,,,
M,aSyn,P37840,8CYT,,,,,
M,aSyn,P37840,8CYV,,,,,
M,aSyn,P37840,8CYW,,,,,
M,aSyn,P37840,8CYX,,,,,
M,aSyn,P37840,8CYY,,,,,
M,aSyn,P37840,8CZ0,,,,,
M,aSyn,P37840,8CZ1,,,,,
M,aSyn,P37840,8CZ2,,,,,
M,aSyn,P37840,8CZ3,,,,,
M,aSyn,P37840,8CZ6,,,,,
M,aSyn,P37840,8FPT,,,,,
M,aSyn,P37840,8G0L,CMC,CARBOXYMETHYL COENZYME *A,CC(C)(CO[P@](=O)(O)O[P@@](=O)(O)OC[C@@H]1[C@H]([C@H]([C@@H](O1)n2cnc3c2ncnc3N)O)OP(=O)(O)O)[C@H](C(=O)NCCC(=O)NCCSCC(=O)O)O,C23H38N7O18P3S,825.1206882660002
M,aSyn,P37840,8GF7,NAG,2-acetamido-2-deoxy-beta-D-glucopyranose,CC(=O)N[C@@H]1[C@H]([C@@H]([C@H](O[C@H]1O)CO)O)O,C8H15NO6,221.0899372
M,aSyn,P37840,8H03,,,,,
M,aSyn,P37840,8H04,,,,,
M,aSyn,P37840,8H05,,,,,
M,aSyn,P37840,8HZB,,,,,
M,aSyn,P37840,8HZC,,,,,
M,aSyn,P37840,8HZS,,,,,
M,aSyn,P37840,8JEX,NAG,2-acetamido-2-deoxy-beta-D-glucopyranose,CC(=O)N[C@@H]1[C@H]([C@@H]([C@H](O[C@H]1O)CO)O)O,C8H15NO6,221.0899372
M,aSyn,P37840,8JEY,,,,,
M,aSyn,P37840,8JJV,GOL,GLYCEROL,C(C(CO)O)O,C3H8O3,92.047344116
M,aSyn,P37840,8JLY,,,,,
M,aSyn,P37840,8OG0,,,,,
M,aSyn,P37840,8OJR,,,,,
M,aSyn,P37840,8OL8,,,,,
M,aSyn,P37840,8OQI,,,,,
M,aSyn,P37840,8PIX,,,,,
M,aSyn,P37840,8PJO,CL,CHLORIDE ION,[Cl-],Cl-,34.96940125991
M,aSyn,P37840,8PK2,,,,,
M,aSyn,P37840,8PK4,,,,,
M,aSyn,P37840,8QPZ,,,,,
M,aSyn,P37840,8RI9,,,,,
M,aSyn,P37840,8RQM,,,,,
M,aSyn,P37840,8RRR,,,,,
M,aSyn,P37840,8UKA,,,,,
M,aSyn,P37840,8X7B,TFX,"2-[4-(dimethylamino)phenyl]-3,6-dimethyl-1,3-benzothiazol-3-ium",Cc1ccc2c(c1)sc([n+]2C)c3ccc(cc3)N(C)C,C17H19N2S+,283.12634602809004
M,aSyn,P37840,8X7L,IZ8,"4-azanyl-6-[[4-[4-[(~{E})-(8-azanyl-1-oxidanyl-5,7-disulfo-naphthalen-2-yl)diazenyl]-3-methyl-phenyl]-2-methyl-phenyl]diazenyl]-5-oxidanyl-naphthalene-1,3-disulfonic acid",Cc1cc(ccc1N=Nc2ccc3c(cc(c(c3c2O)N)S(=O)(=O)O)S(=O)(=O)O)c4ccc(c(c4)C)/N=N/c5ccc6c(cc(c(c6c5O)N)S(=O)(=O)O)S(=O)(=O)O,C34H28N6O14S4,872.054633576
M,aSyn,P37840,8X7M,CGO,"sodium 3,3'-(1E,1'E)-biphenyl-4,4'-diylbis(diazene-2,1-diyl)bis(4-aminonaphthalene-1-sulfonate)",c1cc2c(cc(c(c2cc1)N)/N=N/c3ccc(cc3)c4ccc(cc4)/N=N/c5c(c6c(c(c5)S(=O)(=O)[O-][Na+])cccc6)N)S(=O)(=O)[O-][Na+],C32H22N6Na2O6S2,696.0837629840001
M,aSyn,P37840,8X7O,IZV,"2-[4-(methylamino)phenyl]-1,3-benzothiazol-6-ol",CNc1ccc(cc1)c2nc3ccc(cc3s2)O,C14H12N2OS,256.067034004
M,aSyn,P37840,8X7P,V79,"copper;trisodium;18-(2-carboxylatoethyl)-20-(carboxylatomethyl)-12-ethenyl-7-ethyl-3,8,13,17-tetramethyl-17,18-dihydroporphyrin-21,23-diide-2-carboxylate",CCC1=C(c2cc3c(c(c4n3[Cu]56[n+]2c1cc7n5c(c(c8[n+]6c(c4)C(C8CCC(=O)O)C)CC(=O)O)c(c7C)C(=O)O)C)C=C)C,C34H34CuN4O6+2,657.17633514818
M,aSyn,P37840,8X7Q,3LS,"3''',4'-bis(carboxymethyl)-2,2':5',2'':5'',2''':5''',2''''-quinquethiophene-5,5''''-dicarboxylic acid",c1cc(sc1c2c(cc(s2)c3ccc(s3)C(=O)O)CC(=O)O)c4c(cc(s4)c5ccc(s5)C(=O)O)CC(=O)O,C26H16O8S5,615.944872472
M,aSyn,P37840,8X7R,Y9W,"2-[(~{E})-4-[6-(methylamino)pyridin-3-yl]but-1-en-3-ynyl]-1,3-benzothiazol-6-ol",CNc1ccc(cn1)C#C/C=C/c2nc3ccc(cc3s2)O,C17H13N3OS,307.077933036
M,aSyn,P37840,8XWD,KDH,"(2R,3R)-5,7-dihydroxy-2-(3,4,5-trihydroxyphenyl)-3,4-dihydro-2H-chromen-3-yl 3,4,5-trihydroxybenzoate",c1c(cc(c(c1O)O)O)[C@@H]2[C@@H](Cc3c(cc(cc3O2)O)O)OC(=O)c4cc(c(c(c4)O)O)O,C22H18O11,458.0849113959998
M,aSyn,P37840,8Y2P,,,,,
M,aSyn,P37840,8Y2Q,,,,,
M,aSyn,P37840,8ZLI,A1L13,"~{N},~{N}-dimethyl-4-(6-methyl-1,3-benzothiazol-2-yl)aniline",Cc1ccc2c(c1)sc(n2)c3ccc(cc3)N(C)C,C16H16N2S,268.103419512
M,aSyn,P37840,8ZLO,1KI,"2-bromanyl-4-[(~{E})-2-[6-[2-(2-fluoranylethoxy)ethyl-methyl-amino]-5-methyl-1,3-benzothiazol-2-yl]ethenyl]phenol",Cc1cc2c(cc1N(C)CCOCCF)sc(n2)/C=C/c3ccc(c(c3)Br)O,C21H22BrFN2O2S,464.056939264
M,aSyn,P37840,8ZLP,,,,,
M,aSyn,P37840,8ZMY,1KI,"2-bromanyl-4-[(~{E})-2-[6-[2-(2-fluoranylethoxy)ethyl-methyl-amino]-5-methyl-1,3-benzothiazol-2-yl]ethenyl]phenol",Cc1cc2c(cc1N(C)CCOCCF)sc(n2)/C=C/c3ccc(c(c3)Br)O,C21H22BrFN2O2S,464.056939264
M,aSyn,P37840,8ZVY,,,,,
M,aSyn,P37840,8ZWH,,,,,
M,aSyn,P37840,8ZWI,,,,,
M,aSyn,P37840,8ZWJ,,,,,
M,aSyn,P37840,8ZWK,,,,,
M,aSyn,P37840,9C5R,,,,,
M,aSyn,P37840,9CD9,,,,,
M,aSyn,P37840,9CDA,,,,,
M,aSyn,P37840,9CK3,,,,,
M,aSyn,P37840,9CX6,,,,,
M,aSyn,P37840,9D5C,NAG,2-acetamido-2-deoxy-beta-D-glucopyranose,CC(=O)N[C@@H]1[C@H]([C@@H]([C@H](O[C@H]1O)CO)O)O,C8H15NO6,221.0899372
M,aSyn,P37840,9EUU,,,,,
M,aSyn,P37840,9FYP,CL,CHLORIDE ION,[Cl-],Cl-,34.96940125991
M,aSyn,P37840,9HGR,,,,,
M,aSyn,P37840,9HGS,,,,,
M,aSyn,P37840,9HXA,,,,,
M,aSyn,P37840,9IJP,7TT,Tetraphosphate,OP(=O)(O)OP(=O)(O)OP(=O)(O)OP(=O)(O)O,H6O13P4,337.87588677199994
M,aSyn,P37840,9O4B,A1B9H,"2-(3,4-dimethylphenoxy)-N-[3-(4-fluorophenyl)-1,2-oxazol-5-yl]acetamide",Cc1ccc(cc1C)OCC(=O)Nc2cc(no2)c3ccc(cc3)F,C19H17FN2O3,340.12232062400005
M,MAVS,Q7Z434,2MS7,,,,,
M,MAVS,Q7Z434,2MS8,,,,,
M,MAVS,Q7Z434,2VGQ,SO4,SULFATE ION,[O-]S(=O)(=O)[O-],O4S-2,95.95282663982
M,MAVS,Q7Z434,3J6C,,,,,
M,MAVS,Q7Z434,3J6J,,,,,
M,MAVS,Q7Z434,3RC5,,,,,
M,MAVS,Q7Z434,4P4H,,,,,
M,MAVS,Q7Z434,4Z8M,,,,,
M,MAVS,Q7Z434,5JEK,,,,,
M,MAVS,Q7Z434,7DNI,,,,,
M,MAVS,Q7Z434,8WKW,,,,,
M,ASC,Q9ULZ3,1UCP,,,,,
M,ASC,Q9ULZ3,2KN6,,,,,
M,ASC,Q9ULZ3,3J63,,,,,
M,ASC,Q9ULZ3,5H8O,,,,,
M,ASC,Q9ULZ3,6K99,,,,,
M,ASC,Q9ULZ3,6KI0,SO4,SULFATE ION,[O-]S(=O)(=O)[O-],O4S-2,95.95282663982
M,ASC,Q9ULZ3,6N1H,,,,,
M,ASC,Q9ULZ3,7E5B,GOL,GLYCEROL,C(C(CO)O)O,C3H8O3,92.047344116
M,ASC,Q9ULZ3,7KEU,,,,,
M,ZBP1,Q9H171,2L4M,,,,,
M,ZBP1,Q9H171,2LNB,,,,,
M,ZBP1,Q9H171,3EYI,,,,,
M,ZBP1,Q9H171,4KA4,,,,,
M,ZBP1,Q9H171,9J89,MG,MAGNESIUM ION,[Mg+2],Mg+2,23.98394454018
M,TAF15,Q16514,1H3O,,,,,
M,TAF15,Q16514,6MZC,,,,,
M,TAF15,Q16514,6MZD,,,,,
M,TAF15,Q16514,6MZL,,,,,
M,TAF15,Q16514,6MZM,,,,,
M,TAF15,Q16514,7EDX,,,,,
M,TAF15,Q16514,7EG7,,,,,
M,TAF15,Q16514,7EG8,,,,,
M,TAF15,Q16514,7EG9,,,,,
M,TAF15,Q16514,7EGA,,,,,
M,TAF15,Q16514,7EGB,,,,,
M,TAF15,Q16514,7EGC,,,,,
M,TAF15,Q16514,7EGD,,,,,
M,TAF15,Q16514,7EGE,,,,,
M,TAF15,Q16514,7EGF,,,,,
M,TAF15,Q16514,7EGG,,,,,
M,TAF15,Q16514,7EGI,,,,,
M,TAF15,Q16514,7EGJ,,,,,
M,TAF15,Q16514,7ENA,,,,,
M,TAF15,Q16514,7ENC,,,,,
M,TAF15,Q16514,7KTR,,,,,
M,TAF15,Q16514,7KTS,,,,,
M,TAF15,Q16514,8GXQ,,,,,
M,TAF15,Q16514,8GXS,,,,,
M,TAF15,Q16514,8H7G,,,,,
M,TAF15,Q16514,8WAK,,,,,
M,TAF15,Q16514,8WAL,,,,,
M,TAF15,Q16514,8WAN,,,,,
M,TAF15,Q16514,8WAO,,,,,
M,TAF15,Q16514,8WAP,,,,,
M,TAF15,Q16514,8WAQ,,,,,
M,TAF15,Q16514,8WAR,,,,,
M,TAF15,Q16514,8WAS,,,,,
